{
  "IcoMoonType": "selection",
  "icons": [
    {
      "icon": {
        "paths": [
          "M200.4 486.57l-7.043-6.719-105.819 100.237 372.826 355.664 783.274-747.217-105.124-100.284-678.147 646.318-259.967-247.999z"
        ],
        "attrs": [
          {
            "fill": "rgb(255, 255, 255)",
            "stroke": "rgb(255, 255, 255)",
            "strokeLinejoin": "miter",
            "strokeLinecap": "butt",
            "strokeMiterlimit": "4",
            "strokeWidth": 20.480000000000004
          }
        ],
        "width": 1331,
        "isMulticolor": false,
        "isMulticolor2": false,
        "grid": 0,
        "tags": [
          "input-vector-2"
        ],
        "colorPermutations": {
          "11171171171175177184125525525513315024313333331": [
            {
              "f": 5,
              "s": 5
            }
          ]
        }
      },
      "attrs": [
        {
          "fill": "rgb(255, 255, 255)",
          "stroke": "rgb(255, 255, 255)",
          "strokeLinejoin": "miter",
          "strokeLinecap": "butt",
          "strokeMiterlimit": "4",
          "strokeWidth": 20.480000000000004
        }
      ],
      "properties": {
        "order": 61,
        "id": 28,
        "name": "input-vector-2",
        "prevSize": 32
      },
      "setIdx": 0,
      "setId": 2,
      "iconIdx": 0
    },
    {
      "icon": {
        "paths": [
          "M970.902 113.778v796.442h-849.539v-796.442h849.539zM970.902 0h-849.539c-66.75 0-121.363 51.2-121.363 113.778v796.442c0 62.58 54.613 113.78 121.363 113.78h849.539c66.751 0 121.364-51.2 121.364-113.78v-796.442c0-62.578-54.613-113.778-121.364-113.778z"
        ],
        "attrs": [
          {}
        ],
        "width": 1092,
        "isMulticolor": false,
        "isMulticolor2": false,
        "grid": 0,
        "tags": [
          "input-vector-1"
        ],
        "colorPermutations": {
          "11171171171175177184125525525513315024313333331": [
            {}
          ]
        }
      },
      "attrs": [
        {}
      ],
      "properties": {
        "order": 60,
        "id": 27,
        "name": "input-vector-1",
        "prevSize": 32
      },
      "setIdx": 0,
      "setId": 2,
      "iconIdx": 1
    },
    {
      "icon": {
        "paths": [
          "M1024 0l-1024 576 327.251 121.203 504.749-473.202-383.927 517.955 0.311 0.115-0.384-0.115v282.048l183.522-214.106 232.482 86.106 159.996-896.004z"
        ],
        "attrs": [
          {
            "fill": "rgb(255, 255, 255)"
          }
        ],
        "isMulticolor": false,
        "isMulticolor2": false,
        "grid": 0,
        "tags": [
          "icon-send"
        ],
        "colorPermutations": {
          "11171171171175177184125525525513315024313333331": [
            {
              "f": 5
            }
          ]
        }
      },
      "attrs": [
        {
          "fill": "rgb(255, 255, 255)"
        }
      ],
      "properties": {
        "order": 59,
        "id": 26,
        "name": "icon-send",
        "prevSize": 32
      },
      "setIdx": 0,
      "setId": 2,
      "iconIdx": 2
    },
    {
      "icon": {
        "paths": [
          "M154.154 492.438l-5.418-5.169-81.399 77.106 286.789 273.588 602.518-574.782-80.864-77.141-521.652 497.168-199.975-190.769z"
        ],
        "attrs": [
          {
            "fill": "rgb(255, 255, 255)",
            "stroke": "rgb(255, 255, 255)",
            "strokeLinejoin": "miter",
            "strokeLinecap": "butt",
            "strokeMiterlimit": "4",
            "strokeWidth": 15.753846153846155
          }
        ],
        "isMulticolor": false,
        "isMulticolor2": false,
        "grid": 0,
        "tags": [
          "input-vector"
        ],
        "colorPermutations": {
          "11171171171175177184125525525513315024313333331": [
            {
              "f": 5,
              "s": 5
            }
          ]
        }
      },
      "attrs": [
        {
          "fill": "rgb(255, 255, 255)",
          "stroke": "rgb(255, 255, 255)",
          "strokeLinejoin": "miter",
          "strokeLinecap": "butt",
          "strokeMiterlimit": "4",
          "strokeWidth": 15.753846153846155
        }
      ],
      "properties": {
        "order": 58,
        "id": 25,
        "name": "input-vector",
        "prevSize": 32
      },
      "setIdx": 0,
      "setId": 2,
      "iconIdx": 3
    },
    {
      "icon": {
        "paths": [
          "M896 128h-768c-52.8 0-95.52 43.2-95.52 96l-0.48 576c0 52.8 43.2 96 96 96h768c52.8 0 96-43.2 96-96v-576c0-52.8-43.2-96-96-96zM876.8 332l-339.36 212.16c-15.36 9.6-35.52 9.6-50.88 0l-339.36-212.16c-12-7.68-19.2-20.64-19.2-34.56 0-32.16 35.040-51.36 62.4-34.56l321.6 201.12 321.6-201.12c27.36-16.8 62.4 2.4 62.4 34.56 0 13.92-7.2 26.88-19.2 34.56z"
        ],
        "attrs": [
          {}
        ],
        "isMulticolor": false,
        "isMulticolor2": false,
        "grid": 0,
        "tags": [
          "email-vector"
        ],
        "colorPermutations": {
          "11171171171175177184125525525513315024313333331": [
            {}
          ]
        }
      },
      "attrs": [
        {}
      ],
      "properties": {
        "order": 57,
        "id": 24,
        "name": "email-vector",
        "prevSize": 32
      },
      "setIdx": 0,
      "setId": 2,
      "iconIdx": 4
    },
    {
      "icon": {
        "paths": [
          "M877.422 667.25l-134.444-15.35c-32.292-3.705-64.051 7.411-86.812 30.171l-97.395 97.398c-149.797-76.225-272.599-198.498-348.821-348.826l97.924-97.925c22.761-22.761 33.876-54.52 30.171-86.808l-15.35-133.39c-6.352-53.461-51.344-93.69-105.334-93.69h-91.573c-59.813 0-109.569 49.756-105.864 109.57 28.054 452.041 389.579 813.036 841.091 841.094 59.809 3.701 109.568-46.051 109.568-105.867v-91.568c0.527-53.465-39.702-98.458-93.162-104.809z"
        ],
        "attrs": [
          {}
        ],
        "isMulticolor": false,
        "isMulticolor2": false,
        "grid": 0,
        "tags": [
          "phone-vector"
        ],
        "colorPermutations": {
          "11171171171175177184125525525513315024313333331": [
            {}
          ]
        }
      },
      "attrs": [
        {}
      ],
      "properties": {
        "order": 56,
        "id": 23,
        "name": "phone-vector",
        "prevSize": 32
      },
      "setIdx": 0,
      "setId": 2,
      "iconIdx": 5
    },
    {
      "icon": {
        "paths": [
          "M512 512c141.44 0 256-114.56 256-256s-114.56-256-256-256c-141.44 0-256 114.56-256 256s114.56 256 256 256zM512 640c-170.88 0-512 85.76-512 256v64c0 35.2 28.8 64 64 64h896c35.2 0 64-28.8 64-64v-64c0-170.24-341.12-256-512-256z"
        ],
        "attrs": [
          {}
        ],
        "isMulticolor": false,
        "isMulticolor2": false,
        "grid": 0,
        "tags": [
          "person-vector"
        ],
        "colorPermutations": {
          "11171171171175177184125525525513315024313333331": [
            {}
          ]
        }
      },
      "attrs": [
        {}
      ],
      "properties": {
        "order": 55,
        "id": 22,
        "name": "person-vector",
        "prevSize": 32
      },
      "setIdx": 0,
      "setId": 2,
      "iconIdx": 6
    },
    {
      "icon": {
        "paths": [
          "M1024 512c0 282.77-229.23 512-512 512s-512-229.23-512-512c0-282.77 229.23-512 512-512s512 229.23 512 512z",
          "M1006.933 512c0 273.344-221.589 494.933-494.933 494.933s-494.933-221.589-494.933-494.933c0-273.344 221.589-494.933 494.933-494.933s494.933 221.589 494.933 494.933z",
          "M716.8 345.016l-37.816-37.816-149.917 149.917-149.917-149.917-37.816 37.816 149.917 149.917-149.917 149.917 37.816 37.816 149.917-149.917 149.917 149.917 37.816-37.816-149.917-149.917 149.917-149.917z"
        ],
        "attrs": [
          {
            "fill": "rgb(255, 255, 255)"
          },
          {
            "fill": "none",
            "stroke": "rgb(0, 0, 0)",
            "strokeLinejoin": "miter",
            "strokeLinecap": "butt",
            "strokeMiterlimit": "4",
            "strokeWidth": 34.13333333333333
          },
          {
            "fill": "rgb(0, 0, 0)"
          }
        ],
        "isMulticolor": true,
        "isMulticolor2": true,
        "grid": 0,
        "tags": [
          "close-modal"
        ],
        "colorPermutations": {
          "11171171171175177184125525525513315024313333331": [
            {
              "f": 5
            },
            {
              "s": 0
            },
            {
              "f": 0
            }
          ]
        }
      },
      "attrs": [
        {
          "fill": "rgb(255, 255, 255)"
        },
        {
          "fill": "none",
          "stroke": "rgb(0, 0, 0)",
          "strokeLinejoin": "miter",
          "strokeLinecap": "butt",
          "strokeMiterlimit": "4",
          "strokeWidth": 34.13333333333333
        },
        {
          "fill": "rgb(0, 0, 0)"
        }
      ],
      "properties": {
        "order": 54,
        "id": 21,
        "name": "close-modal",
        "prevSize": 32
      },
      "setIdx": 0,
      "setId": 2,
      "iconIdx": 7
    },
    {
      "icon": {
        "paths": [
          "M1024.847 103.23l-103.23-103.23-409.193 409.193-409.193-409.193-103.23 103.23 409.193 409.193-409.193 409.193 103.23 103.23 409.193-409.193 409.193 409.193 103.23-103.23-409.193-409.193 409.193-409.193z"
        ],
        "attrs": [
          {}
        ],
        "isMulticolor": false,
        "isMulticolor2": false,
        "grid": 0,
        "tags": [
          "close-modal"
        ],
        "colorPermutations": {
          "11171171171175177184125525525513315024313333331": [
            {}
          ]
        }
      },
      "attrs": [
        {}
      ],
      "properties": {
        "order": 53,
        "id": 20,
        "name": "close-modal1",
        "prevSize": 32
      },
      "setIdx": 0,
      "setId": 2,
      "iconIdx": 8
    },
    {
      "icon": {
        "paths": [
          "M1237.685-0.145h-1109.649c-70.591 0-128.036 57.446-128.036 128.036v768.218c0 70.591 57.446 128.036 128.036 128.036h1109.649c70.591 0 128.036-57.446 128.036-128.036v-768.218c0-70.591-57.446-128.036-128.036-128.036zM1237.685 85.212c5.804 0 11.353 1.195 16.389 3.329l-571.213 495.074-571.213-495.074c4.837-2.092 10.468-3.314 16.383-3.329l0.006-0h1109.649zM1237.685 938.788h-1109.649c-23.571 0-42.679-19.108-42.679-42.679v0-717.431l569.506 493.623c7.45 6.502 17.261 10.467 27.997 10.467s20.547-3.965 28.048-10.51l-0.051 0.043 569.506-493.623v717.431c0 23.571-19.108 42.679-42.679 42.679v0z"
        ],
        "attrs": [
          {
            "fill": "rgb(117, 117, 117)"
          }
        ],
        "width": 1365,
        "isMulticolor": false,
        "isMulticolor2": false,
        "grid": 0,
        "tags": [
          "envelope"
        ],
        "colorPermutations": {
          "11171171171175177184125525525513315024313333331": [
            {
              "f": 2
            }
          ]
        }
      },
      "attrs": [
        {
          "fill": "rgb(117, 117, 117)"
        }
      ],
      "properties": {
        "order": 33,
        "id": 19,
        "name": "envelope",
        "prevSize": 32
      },
      "setIdx": 0,
      "setId": 2,
      "iconIdx": 9
    },
    {
      "icon": {
        "paths": [
          "M544.209 0h-448.127c-52.943 0-96.027 43.084-96.027 96.027v832.236c0 52.943 43.084 96.027 96.027 96.027h448.127c52.943 0 96.027-43.084 96.027-96.027v-832.236c0-52.943-43.084-96.027-96.027-96.027zM96.082 64.018h448.127c17.678 0 32.009 14.331 32.009 32.009v0 672.191h-512.146v-672.191c0-17.678 14.331-32.009 32.009-32.009v0zM544.209 960.273h-448.127c-17.678 0-32.009-14.331-32.009-32.009v0-96.027h512.146v96.027c0 17.678-14.331 32.009-32.009 32.009v0z",
          "M150.753 879.546c5.769 5.233 9.376 12.758 9.376 21.126s-3.608 15.893-9.352 21.105l-0.024 0.021c-5.953 5.45-13.918 8.79-22.662 8.79s-16.709-3.34-22.688-8.813l0.025 0.023c-5.769-5.233-9.376-12.758-9.376-21.126s3.608-15.893 9.352-21.105l0.024-0.021c5.953-5.45 13.918-8.79 22.662-8.79s16.709 3.34 22.688 8.813l-0.025-0.023z"
        ],
        "attrs": [
          {
            "fill": "rgb(117, 117, 117)"
          },
          {
            "fill": "rgb(117, 117, 117)"
          }
        ],
        "width": 640,
        "isMulticolor": false,
        "isMulticolor2": false,
        "grid": 0,
        "tags": [
          "smartphone"
        ],
        "colorPermutations": {
          "11171171171175177184125525525513315024313333331": [
            {
              "f": 2
            },
            {
              "f": 2
            }
          ]
        }
      },
      "attrs": [
        {
          "fill": "rgb(117, 117, 117)"
        },
        {
          "fill": "rgb(117, 117, 117)"
        }
      ],
      "properties": {
        "order": 34,
        "id": 18,
        "name": "smartphone",
        "prevSize": 32
      },
      "setIdx": 0,
      "setId": 2,
      "iconIdx": 10
    },
    {
      "icon": {
        "paths": [
          "M984.801 707.176l-270.207-272.182 29.991-147.714c7.193 2.894 15.531 4.601 24.258 4.667l0.027 0h0.205c0.243 0.003 0.531 0.005 0.818 0.005 38.16 0 69.095-30.935 69.095-69.095s-30.935-69.095-69.095-69.095c-38.16 0-69.095 30.935-69.095 69.095 0 8.301 1.464 16.261 4.148 23.634l-0.153-0.48-158.73 19.384-258.913-260.274c-3.069-3.131-7.33-5.083-12.048-5.12l-0.007-0c-4.477 0.029-8.778 1.814-11.952 4.974l-48.38 48.131c-3.088 3.089-4.998 7.356-4.998 12.069s1.91 8.98 4.998 12.069l-0-0 26.041 26.406c-36.578 65.997-58.107 144.715-58.107 228.462 0 131.386 52.988 250.395 138.76 336.824l-0.030-0.030c1.375 1.317 2.955 2.355 4.681 3.116-1.024 5.246-1.629 11.295-1.668 17.479l-0 0.032v197.996h-204.813c-47.118 0.042-85.305 38.218-85.363 85.328l-0 0.006v34.131c0 9.436 7.651 17.073 17.073 17.073h785.123c9.421 0 17.058-7.637 17.058-17.073v-34.131c-0.058-47.105-38.229-85.276-85.328-85.334l-204.819-0v-87.748c32.083 6.73 64.78 10.153 97.564 10.241 82.558-0.090 160.161-21.218 227.763-58.311l-2.468 1.241 26.187 26.333c3.16 3.233 7.505 5.076 12.040 5.12 4.477-0.029 8.778-1.814 11.952-4.974l48.394-48.131c3.088-3.089 4.998-7.356 4.998-12.069s-1.91-8.98-4.998-12.069l0 0zM745.008 199.474c6.17-6.139 14.677-9.933 24.071-9.933 18.85 0 34.131 15.281 34.131 34.131s-15.281 34.131-34.131 34.131c-0.002 0-0.004-0-0.005-0l-0.117 0c-18.772-0.102-33.95-15.344-33.95-34.13 0-9.457 3.846-18.015 10.059-24.196l0.001-0.001h-0.059zM704.821 311.609l-19.15 94.273-37.613-37.847 56.763-56.426zM685.437 282.745l-61.444 61.093-47.546-47.795 108.99-13.298zM768.182 921.66c28.279 0 51.203 22.925 51.203 51.203v0 17.073h-750.977v-17.073c0-28.279 22.925-51.203 51.203-51.203v0h648.571zM529.238 853.384v34.145h-170.683v-34.145h170.683zM358.555 819.253v-129.72c0-41.402 38.285-75.093 85.334-75.093 47.063 0 85.349 33.692 85.349 75.093v129.72h-170.683zM563.368 764.978v-75.444c0-60.23-53.588-109.224-119.479-109.224-0.555-0.009-1.21-0.014-1.867-0.014-43.284 0-81.286 22.615-102.835 56.673l-0.295 0.499c-75.52-79.42-121.976-187.094-121.976-305.617 0-74.058 18.137-143.879 50.212-205.265l-1.165 2.448 595.304 598.713c-58.327 30.299-127.352 48.069-200.527 48.069-34.519 0-68.114-3.954-100.358-11.435l2.984 0.583zM924.644 743.092l-673.865-677.83 24.139-24.066 253.939 255.373c0.117 0 0.19 0.219 0.307 0.307l419.692 422.149-24.212 24.066z",
          "M444.050 648.571h-0.146c-0.024-0-0.052-0-0.080-0-28.279 0-51.203 22.925-51.203 51.203 0 28.251 22.879 51.158 51.119 51.203l0.004 0h0.146c0.022 0 0.047 0 0.073 0 28.279 0 51.203-22.925 51.203-51.203 0-28.253-22.883-51.162-51.126-51.203l-0.004-0zM455.988 711.887c-3.087 3.074-7.344 4.974-12.046 4.974-9.429 0-17.073-7.644-17.073-17.073 0-9.41 7.614-17.042 17.017-17.073l0.003-0c9.39 0.041 16.986 7.662 16.986 17.058 0 4.729-1.924 9.008-5.032 12.098l-0.001 0.001h0.146z"
        ],
        "attrs": [
          {
            "fill": "rgb(33, 33, 33)"
          },
          {
            "fill": "rgb(33, 150, 243)"
          }
        ],
        "isMulticolor": true,
        "isMulticolor2": false,
        "grid": 0,
        "tags": [
          "antenna-1"
        ],
        "colorPermutations": {
          "11171171171175177184125525525513315024313333331": [
            {
              "f": 1
            },
            {
              "f": 3
            }
          ]
        }
      },
      "attrs": [
        {
          "fill": "rgb(33, 33, 33)"
        },
        {
          "fill": "rgb(33, 150, 243)"
        }
      ],
      "properties": {
        "order": 35,
        "id": 17,
        "name": "antenna-1",
        "prevSize": 32
      },
      "setIdx": 0,
      "setId": 2,
      "iconIdx": 11
    },
    {
      "icon": {
        "paths": [
          "M1001.552 489.665c-0.044-270.485-219.37-489.723-489.884-489.665-270.5 0.059-489.723 219.384-489.665 489.884 0.057 217.222 141.515 401.39 337.331 465.467l3.463 0.981c1.946 0.614 3.95 0.922 5.998 0.922 3.848 0 7.622-1.039 10.943-2.999 4.33-2.56 7.549-6.627 9.070-11.411l123.678-392.027c33.716-0.117 61.003-27.477 61.003-61.21 0-33.805-27.405-61.21-61.21-61.21-9.702 0-18.876 2.257-27.027 6.275l0.359-0.16-163.397-163.426c-3.664-3.535-8.659-5.713-14.162-5.713-11.271 0-20.408 9.137-20.408 20.408 0 5.507 2.181 10.504 5.726 14.175l-0.006-0.006 163.309 163.5c-3.863 7.711-6.125 16.801-6.125 26.419 0 19.252 9.061 36.387 23.152 47.375l0.134 0.1-117.841 373.565c-232.902-85.802-352.162-344.159-266.374-577.061 85.802-232.902 344.145-352.162 577.061-266.36 232.902 85.788 352.162 344.145 266.36 577.047-43.035 114.608-128.111 205.013-235.979 254.036l-2.819 1.147-12.728-59.981c-2.009-9.319-10.18-16.2-19.958-16.2-5.235 0-10.010 1.973-13.621 5.216l0.019-0.017-122.786 109.634c-4.217 3.753-6.86 9.196-6.86 15.256 0 9.068 5.919 16.754 14.104 19.405l0.144 0.040 156.77 50.033c1.87 0.625 4.024 0.985 6.261 0.985 11.263 0 20.394-9.131 20.394-20.394 0-1.515-0.165-2.991-0.479-4.412l0.025 0.135-12.508-58.84c176.896-75.984 298.531-248.708 298.531-449.841 0-0.366-0-0.731-0.001-1.097l0 0.057zM511.785 469.271c11.271-0 20.408 9.137 20.408 20.408s-9.137 20.408-20.408 20.408h-0c-11.271 0-20.408-9.137-20.408-20.408s9.137-20.408 20.408-20.408l-0 0zM578.993 944.95l69.9-62.351 19.296 90.893-89.196-28.542z",
          "M491.376 101.924v40.816c0 11.271 9.137 20.408 20.408 20.408s20.408-9.137 20.408-20.408l-0-0v-40.816c0-11.271-9.137-20.408-20.408-20.408s-20.408 9.137-20.408 20.408v-0zM124.044 469.271c-11.271-0-20.408 9.137-20.408 20.408s9.137 20.408 20.408 20.408h40.816c11.271 0 20.408-9.137 20.408-20.408s-9.137-20.408-20.408-20.408l-40.816 0zM899.525 510.088c11.271 0 20.408-9.137 20.408-20.408s-9.137-20.408-20.408-20.408l-40.816 0c-11.271-0-20.408 9.137-20.408 20.408s9.137 20.408 20.408 20.408h40.816z"
        ],
        "attrs": [
          {
            "fill": "rgb(33, 33, 33)"
          },
          {
            "fill": "rgb(33, 150, 243)"
          }
        ],
        "isMulticolor": true,
        "isMulticolor2": false,
        "grid": 0,
        "tags": [
          "clock-1"
        ],
        "colorPermutations": {
          "11171171171175177184125525525513315024313333331": [
            {
              "f": 1
            },
            {
              "f": 3
            }
          ]
        }
      },
      "attrs": [
        {
          "fill": "rgb(33, 33, 33)"
        },
        {
          "fill": "rgb(33, 150, 243)"
        }
      ],
      "properties": {
        "order": 36,
        "id": 16,
        "name": "clock-1",
        "prevSize": 32
      },
      "setIdx": 0,
      "setId": 2,
      "iconIdx": 12
    },
    {
      "icon": {
        "paths": [
          "M477.654 478.897h34.116v153.537h-34.116v-153.537zM614.118 547.144h34.116v85.29h-34.116v-85.29zM341.175 598.318h34.116v34.116h-34.116v-34.116zM238.827 581.246h34.116v51.174h-34.116v-51.174z",
          "M51.174 905.363h818.814c0.004 0 0.009 0 0.015 0 28.263 0 51.174-22.911 51.174-51.174l-0-0v-68.232c0-28.263-22.911-51.174-51.174-51.174v-0h-17.058v-425.426l96.891-91.786c6.636 3.343 14.464 5.3 22.748 5.3 28.424 0 51.467-23.042 51.467-51.467s-23.042-51.467-51.467-51.467c-28.424 0-51.467 23.042-51.467 51.467 0 7.901 1.78 15.386 4.962 22.076l-0.133-0.312-73.001 69.198v-39.353c0-28.263-22.911-51.174-51.174-51.174v0h-682.365c-28.263 0-51.174 22.911-51.174 51.174v0 511.77h-17.058c-28.263 0-51.174 22.911-51.174 51.174v-0 68.232c0 28.263 22.911 51.174 51.174 51.174v0zM972.351 154.78c9.421-0 17.058 7.637 17.058 17.058s-7.637 17.058-17.058 17.058h-0c-9.421 0-17.058-7.637-17.058-17.058s7.637-17.058 17.058-17.058v0zM102.348 223.012c0-9.421 7.637-17.058 17.058-17.058h682.365c9.421 0 17.058 7.637 17.058 17.058v71.641l-34.116 32.419v-69.929c0-9.436-7.651-17.073-17.073-17.073h-614.103c-9.421 0-17.073 7.637-17.073 17.058v426.48c0 9.421 7.651 17.058 17.073 17.058h614.103c9.436 0 17.073-7.637 17.073-17.058v-309.605l34.116-32.331v393.095h-716.481v-511.741zM255.885 444.781c-0.044-0-0.097-0-0.15-0-28.263 0-51.174 22.911-51.174 51.174s22.911 51.174 51.174 51.174c13.834 0 26.386-5.489 35.596-14.408l-0.014 0.013 59.293 29.756c6.891 3.438 15.244 1.829 20.364-3.921l126.048-141.819 123.912 92.854c6.656 4.974 15.932 4.447 21.959-1.258l107.688-102.012v260.215h-579.987v-392.364h579.987v85.144l-120.694 114.3-124.936-93.673c-2.819-2.135-6.384-3.419-10.25-3.419-5.061 0-9.607 2.202-12.733 5.7l-0.015 0.017-127.774 143.779-47.765-23.89c0.336-2.048 0.556-4.111 0.644-6.188 0-28.263-22.911-51.174-51.174-51.174h-0zM272.943 495.955c0 9.421-7.637 17.058-17.058 17.058s-17.058-7.637-17.058-17.058v0c0-9.421 7.637-17.058 17.058-17.058s17.058 7.637 17.058 17.058v0zM375.291 768.898h170.58v17.058c0 9.421-7.622 17.058-17.043 17.058h-136.479c-9.421 0-17.058-7.637-17.058-17.058v0-17.058zM34.131 785.956c0-9.421 7.622-17.058 17.043-17.058h290.001v17.058c0 28.263 22.911 51.174 51.174 51.174v0h136.479c28.263-0 51.174-22.911 51.174-51.174l0 0v-17.058h290.001c9.421 0 17.058 7.637 17.058 17.058v68.232c0 9.421-7.637 17.058-17.058 17.058h-818.814c-0.004 0-0.009 0-0.015 0-9.421 0-17.058-7.637-17.058-17.058 0-0 0-0 0-0l-0 0v-68.232z"
        ],
        "attrs": [
          {
            "fill": "rgb(33, 150, 243)"
          },
          {
            "fill": "rgb(33, 33, 33)"
          }
        ],
        "isMulticolor": true,
        "isMulticolor2": false,
        "grid": 0,
        "tags": [
          "diagram-1"
        ],
        "colorPermutations": {
          "11171171171175177184125525525513315024313333331": [
            {
              "f": 3
            },
            {
              "f": 1
            }
          ]
        }
      },
      "attrs": [
        {
          "fill": "rgb(33, 150, 243)"
        },
        {
          "fill": "rgb(33, 33, 33)"
        }
      ],
      "properties": {
        "order": 37,
        "id": 15,
        "name": "diagram-1",
        "prevSize": 32
      },
      "setIdx": 0,
      "setId": 2,
      "iconIdx": 13
    },
    {
      "icon": {
        "paths": [
          "M1023.233 144.774c-2.040-6.112-7.275-10.624-13.672-11.59l-0.094-0.012-61.151-8.895-27.357-55.402c-5.72-11.674-24.87-11.674-30.59 0l-27.357 55.402-61.151 8.895c-8.318 1.238-14.626 8.331-14.626 16.896 0 4.787 1.97 9.113 5.143 12.213l44.272 43.131-10.445 60.888c-1.097 6.408 1.536 12.874 6.773 16.707 5.311 3.848 12.245 4.33 17.994 1.287l54.685-28.762 54.685 28.762c2.297 1.226 5.025 1.947 7.92 1.947 9.437 0 17.087-7.65 17.087-17.087 0-1.008-0.087-1.996-0.255-2.956l0.015 0.102-10.445-60.888 44.254-43.142c3.176-3.11 5.145-7.442 5.145-12.234 0-1.881-0.303-3.691-0.864-5.384l0.035 0.121zM944.423 187.258c-4.023 3.906-5.852 9.582-4.901 15.112l6.101 35.652-32.009-16.824c-2.306-1.242-5.047-1.972-7.958-1.972s-5.652 0.73-8.050 2.017l0.091-0.045-32.009 16.824 6.101-35.652c0.158-0.872 0.248-1.876 0.248-2.901 0-4.783-1.965-9.106-5.131-12.208l-0.003-0.003-25.938-25.265 35.813-5.193c5.559-0.805 10.358-4.301 12.859-9.348l16.005-32.419 16.005 32.419c2.487 5.047 7.286 8.544 12.859 9.348l35.813 5.193-25.894 25.265zM836.326 656.748h-34.131v34.145h34.131v-34.145zM836.326 725.039h-34.131v34.116h34.131v-34.116zM870.457 690.894h-34.131v34.131h34.131v-34.131zM802.195 690.894h-34.145v34.131h34.145v-34.131zM716.847 844.504h-34.131v34.131h34.131v-34.131zM716.847 912.78h-34.131v34.131h34.131v-34.131zM750.992 878.649h-34.145v34.131h34.145v-34.145zM682.716 878.649h-34.145v34.131h34.145v-34.145zM512.033 776.242h-34.131v34.131h34.131v-34.145zM512.033 844.504h-34.131v34.131h34.131v-34.131zM546.164 810.358h-34.131v34.145h34.131v-34.145zM477.903 810.358h-34.145v34.145h34.145v-34.145zM187.741 195.919h-34.131v34.131h34.131v-34.131zM187.741 264.195h-34.131v34.131h34.131v-34.116zM221.871 230.049h-34.131v34.145h34.131v-34.145zM153.61 230.049h-34.145v34.145h34.145v-34.145z",
          "M790.916 453.135c-8.957-12.044-22.353-20.355-37.723-22.51l-0.3-0.034c-2.442-0.372-5.259-0.584-8.126-0.584-13.14 0-25.239 4.458-34.867 11.944l0.128-0.096-40.1 30.707-60.727 45.352-43.45-17.321c77.478-34.76 131.636-112.267 131.636-202.253 0-122.347-99.92-221.886-222.764-221.886s-222.778 99.539-222.778 221.886c0 44.342 13.269 85.583 35.842 120.284l-88.596-0.775c-0.278 0-0.497 0.146-0.746 0.146-1.809 0.088-3.506 0.451-5.089 1.047l0.115-0.038c-0.41 0.146-0.834 0.234-1.229 0.424-0.205 0.088-0.41 0.102-0.614 0.205l-103.46 51.072c-0.015 0-0.044 0-0.044 0.029l-60.581 29.127c-0.777 0.352-1.44 0.728-2.064 1.156l0.045-0.029c-15.42 10.36-25.431 27.736-25.431 47.45 0 9.506 2.328 18.469 6.445 26.349l-0.15-0.314c7.025 13.555 18.959 23.747 33.392 28.329l0.402 0.11c5.14 1.687 11.055 2.66 17.197 2.66 9.861 0 19.137-2.507 27.223-6.92l-0.298 0.149 44.415-23.612 72.445-37.422 43.42-0.249-174.15 173.301c0 0.029-0.029 0.029-0.044 0.044l-42.835 42.66c-9.694 9.573-15.698 22.862-15.698 37.554 0 0.052 0 0.103 0 0.155l-0-0.008c0.058 29.422 23.923 53.252 53.354 53.252 0.026 0 0.051-0 0.077-0l-0.004 0c13.693 0 27.343-5.193 37.773-15.537l42.060-41.884 55.709-41.592 28.82 28.703-99.261 98.837c-9.694 9.573-15.698 22.862-15.698 37.554 0 0.046 0 0.093 0 0.139l-0-0.007c0 14.235 5.559 27.635 15.697 37.73 9.651 9.593 22.953 15.522 37.64 15.522 0.037 0 0.073-0 0.11-0l-0.006 0c13.679 0 27.357-5.179 37.773-15.522l143.633-143.121c0.219-0.205 0.512-0.278 0.717-0.497l165.314-181.070 111.082 15.8c0.805 0.117 1.609 0.176 2.414 0.176 2.048 0 4.052-0.497 5.998-1.229 0.556-0.205 1.039-0.483 1.58-0.746 0.614-0.307 1.258-0.483 1.843-0.878l102.831-68.261c0.38-0.263 0.585-0.673 0.936-0.951 0.41-0.322 0.922-0.454 1.302-0.819l40.67-38.11c11.124-10.419 18.055-25.197 18.055-41.594 0-12.803-4.226-24.619-11.358-34.129l0.106 0.147zM68.174 568.679c-3.14 1.733-6.884 2.752-10.865 2.752-2.501 0-4.907-0.402-7.159-1.145l0.161 0.046c-9.415-2.983-16.12-11.643-16.12-21.87 0-7.534 3.639-14.219 9.256-18.391l0.061-0.044 42.045-20.233 10.124 29.581 4.243 12.435-31.746 16.868zM180.089 510.19l-49.55 25.602-8.163-23.89-5.881-17.175 64.867-32.024-1.273 47.487zM663.303 298.325c0 29.391-7.022 57.114-19.165 81.911l-133.816-60.786c-1.393-18.402-10.958-34.317-25.035-44.276l-0.186-0.125 46.858-155.556c76.074 24.212 131.344 95.194 131.344 178.831zM286.036 298.325c0-103.518 84.617-187.755 188.633-187.755 8.090 0 16.005 0.688 23.846 1.682l-45.834 152.103c-0.614 0-1.185-0.19-1.829-0.19-0.009-0-0.019-0-0.029-0-33.027 0-59.81 26.732-59.893 59.739l-0 0.008c0.1 33.011 26.883 59.732 59.908 59.732 0.005 0 0.010-0 0.016-0l-0.001 0c22.237 0 41.431-12.26 51.789-30.225l123.619 56.148c-34.409 46.302-89.445 76.483-151.591 76.483-104.016 0-188.633-84.222-188.633-187.741zM476.659 323.927c0 14.117-11.587 25.602-25.806 25.602-0.013 0-0.029 0-0.044 0-14.166 0-25.658-11.446-25.733-25.595l-0-0.007c0-14.117 11.557-25.602 25.777-25.602s25.792 11.484 25.792 25.602zM78.868 804.726c-3.514 3.482-8.353 5.634-13.693 5.634-5.326 0-10.152-2.14-13.666-5.607l0.002 0.002c-3.479-3.448-5.633-8.228-5.633-13.51s2.154-10.063 5.632-13.509l0.001-0.001 30.795-30.678 27.269 27.138-30.678 30.546zM181.713 924.205c-3.514 3.482-8.353 5.634-13.693 5.634-5.326 0-10.152-2.14-13.666-5.607l0.002 0.002c-3.483-3.446-5.639-8.226-5.639-13.51s2.157-10.064 5.637-13.509l0.002-0.002 30.81-30.693 27.255 27.123-30.707 30.576zM293.132 813.197l-0.044 0.044-56.47 56.324-27.269-27.123 56.485-56.221c1.273-1.287 2.077-2.823 2.867-4.345 0.219-0.439 0.644-0.819 0.834-1.273 0.527-1.317 0.614-2.736 0.819-4.111 0.102-0.79 0.439-1.521 0.439-2.341 0-1.126-0.41-2.238-0.644-3.365-0.205-1.024-0.205-2.063-0.6-3.058-0.787-1.69-1.766-3.142-2.937-4.416l0.011 0.012c-0.322-0.38-0.439-0.849-0.79-1.214h-0.029s0-0.044-0.029-0.073l-51.423-51.203c-0.541-0.541-1.244-0.761-1.858-1.229-0.812-0.671-1.723-1.283-2.691-1.8l-0.088-0.043c-0.846-0.4-1.841-0.751-2.875-1.002l-0.109-0.022c-0.959-0.303-2.082-0.53-3.24-0.639l-0.066-0.005c-0.219-0.010-0.476-0.016-0.734-0.016-0.82 0-1.626 0.059-2.414 0.173l0.090-0.011c-1.141 0.146-2.209 0.293-3.321 0.658-1.083 0.336-2.034 0.878-3.014 1.434-0.644 0.351-1.361 0.483-1.946 0.922l-56.763 42.367-28.82-28.718 76.776-76.366 139.536 137.254-29.683 29.405zM511.36 588.648c-0.497-0.073-0.966 0.117-1.463 0.088-0.254-0.014-0.552-0.022-0.851-0.022-1.002 0-1.983 0.088-2.936 0.256l0.101-0.015c-2.225 0.355-4.217 1.126-5.976 2.233l0.066-0.039c-0.951 0.585-1.814 1.185-2.648 1.96-0.41 0.351-0.907 0.527-1.287 0.936l-150.333 164.67-138.512-136.215 90.659-90.191c3.084-3.091 4.992-7.357 4.992-12.069 0-9.437-7.65-17.087-17.087-17.087-0.016 0-0.033 0-0.049 0l0.003-0-71.012 0.41 0.892-51.437 99.334 0.849c40.437 41.497 96.871 67.237 159.318 67.237 0.035 0 0.071-0 0.106-0l-0.006 0c14 0 27.65-1.463 40.948-3.921 1.273 1.024 2.546 2.048 4.14 2.706l77.127 30.722 4.872 24.27 5.706 28.337-96.101-13.679zM640.685 594.354l-10.021-49.857 46.288-34.57 30.283 40.217-66.564 44.21zM760.794 503.753l-26.801 25.119-29.8-39.558 26.596-20.394c4.974-3.818 11.235-5.384 17.38-4.579 6.174 0.878 11.645 4.096 15.361 9.1 2.814 3.755 4.505 8.492 4.505 13.624 0 6.578-2.78 12.507-7.229 16.677l-0.013 0.012z",
          "M435.301 593.447l-68.583-68.276c-3.085-3.074-7.34-4.974-12.040-4.974s-8.955 1.901-12.041 4.975l-68.568 68.275c-3.088 3.1-4.997 7.376-4.997 12.099s1.909 8.998 4.997 12.099l-0.001-0.001 68.554 68.276c3.085 3.078 7.344 4.982 12.047 4.982s8.962-1.903 12.048-4.982l-0 0 68.583-68.276c3.105-3.092 5.027-7.371 5.027-12.099s-1.922-9.006-5.026-12.098l-0.001-0.001zM354.693 649.741l-44.386-44.181 44.371-44.196 44.401 44.181-44.401 44.181zM549.295 162.271l-8.251 33.15c2.282 0.571 55.607 14.454 55.607 68.759h34.145c0-64.545-53.31-94.887-81.501-101.909zM630.796 298.325h-34.145v34.131h34.145v-34.131z"
        ],
        "attrs": [
          {
            "fill": "rgb(33, 150, 243)"
          },
          {
            "fill": "rgb(33, 33, 33)"
          },
          {
            "fill": "rgb(33, 33, 33)"
          }
        ],
        "isMulticolor": true,
        "isMulticolor2": false,
        "grid": 0,
        "tags": [
          "astronaut-1"
        ],
        "colorPermutations": {
          "11171171171175177184125525525513315024313333331": [
            {
              "f": 3
            },
            {
              "f": 1
            },
            {
              "f": 1
            }
          ]
        }
      },
      "attrs": [
        {
          "fill": "rgb(33, 150, 243)"
        },
        {
          "fill": "rgb(33, 33, 33)"
        },
        {
          "fill": "rgb(33, 33, 33)"
        }
      ],
      "properties": {
        "order": 38,
        "id": 14,
        "name": "astronaut-1",
        "prevSize": 32
      },
      "setIdx": 0,
      "setId": 2,
      "iconIdx": 14
    },
    {
      "icon": {
        "paths": [
          "M648.561 119.45l119.608 113.225-222.013-0.137v549.365h580.292v-210.048l119.472 113.106v-565.511h-597.359zM1121.192 558.56l-339.129-321.038h339.129v321.038zM1015.903 701.534h-377.923v-369.441h26.71v344.437h351.213v25.004zM727.242 855.055l-13.961 28.759-13.961-28.759h-11.708l20.378 38.333v22.341h10.582v-22.341l20.327-38.333h-11.657zM744.787 915.729l4.915-14.132h23.502l4.95 14.132h11.008l-22.956-60.675h-9.472l-22.904 60.675h10.957zM761.445 867.941l8.79 25.157h-17.579l8.79-25.174zM817.034 891.647c-1.433 2.139-2.287 4.77-2.287 7.601 0 0.034 0 0.068 0 0.101l-0-0.005c0 5.12 1.792 9.268 5.376 12.459 3.601 3.175 8.414 4.762 14.405 4.762 6.008 0 11.179-1.638 15.514-4.881l3.413 4.045h11.742l-8.909-10.548c3.499-4.779 5.24-10.906 5.24-18.382h-8.79c0 4.096-0.853 7.8-2.543 11.128l-11.708-13.825 4.13-3.004c2.511-1.702 4.607-3.81 6.246-6.25l0.052-0.082c1.201-1.969 1.912-4.35 1.912-6.898 0-0.035-0-0.070-0-0.105l0 0.005c0.001-0.070 0.002-0.153 0.002-0.236 0-3.736-1.64-7.088-4.238-9.378l-0.014-0.012c-2.697-2.442-6.292-3.937-10.236-3.937-0.211 0-0.422 0.004-0.631 0.013l0.030-0.001c-4.881 0-8.773 1.4-11.657 4.164-2.901 2.765-4.335 6.503-4.335 11.264 0 1.946 0.461 3.943 1.365 6.042 0.956 2.082 2.611 4.608 4.95 7.578-4.489 3.226-7.51 6.008-9.029 8.363zM844.41 905.062c-2.597 2.104-5.933 3.387-9.569 3.413l-0.006 0c-0.146 0.008-0.317 0.012-0.489 0.012-2.613 0-4.991-1.004-6.771-2.647l0.007 0.006c-1.679-1.652-2.72-3.948-2.72-6.488 0-0.119 0.002-0.238 0.007-0.356l-0.001 0.017c0-3.243 1.673-6.144 5.001-8.67l1.297-0.922 13.244 15.634zM833.538 878.181c-2.867-3.533-4.301-6.451-4.301-8.79 0-2.031 0.597-3.704 1.758-5.035 1.094-1.241 2.687-2.019 4.462-2.019 0.087 0 0.175 0.002 0.261 0.006l-0.012-0c0.065-0.002 0.141-0.004 0.218-0.004 1.674 0 3.195 0.651 4.325 1.714l-0.003-0.003c1.195 1.126 1.792 2.475 1.792 4.045 0.002 0.066 0.003 0.144 0.003 0.223 0 2.257-0.996 4.281-2.572 5.658l-0.009 0.008-1.297 1.024-4.625 3.175zM932.29 911.138c4.164-3.635 6.554-8.704 7.168-15.156h-10.496c-0.563 4.335-1.877 7.424-3.96 9.285-2.082 1.877-5.206 2.799-9.336 2.799-4.523 0-7.97-1.724-10.326-5.171-2.338-3.448-3.516-8.448-3.516-15.019v-5.359c0.068-6.486 1.314-11.367 3.755-14.712 2.475-3.362 6.008-5.035 10.582-5.035 3.943 0 6.929 0.973 8.96 2.901 2.048 1.929 3.328 5.069 3.84 9.421h10.496c-0.683-6.639-3.038-11.777-7.117-15.412-4.096-3.635-9.472-5.462-16.18-5.462-4.967 0-9.353 1.195-13.159 3.55-3.814 2.439-6.803 5.867-8.646 9.926l-0.059 0.144c-1.935 4.245-3.062 9.206-3.062 14.431 0 0.249 0.003 0.497 0.008 0.745l-0.001-0.037v5.666c0.085 5.581 1.126 10.479 3.123 14.712 2.014 4.216 4.847 7.476 8.5 9.78 3.704 2.287 7.97 3.413 12.801 3.413 6.912 0 12.459-1.792 16.624-5.41zM994.244 902.639c2.048-4.506 3.089-9.728 3.089-15.668v-3.362c0.004-0.193 0.006-0.42 0.006-0.648 0-5.395-1.165-10.518-3.257-15.131l0.094 0.23c-1.928-4.283-4.979-7.773-8.781-10.184l-0.094-0.056c-3.823-2.389-8.192-3.584-13.142-3.584s-9.319 1.195-13.159 3.618c-3.806 2.389-6.759 5.837-8.875 10.377-1.978 4.392-3.131 9.52-3.131 14.918 0 0.264 0.003 0.527 0.008 0.789l-0.001-0.039v3.413c0.034 5.803 1.075 10.923 3.157 15.361 2.116 4.455 5.086 7.885 8.926 10.309 3.857 2.389 8.244 3.584 13.159 3.584 4.984 0 9.37-1.195 13.176-3.584 3.823-2.424 6.776-5.871 8.824-10.343zM982.963 868.333c2.56 3.584 3.823 8.756 3.823 15.48v3.157c0 6.827-1.263 12.033-3.789 15.583-2.492 3.567-6.076 5.342-10.752 5.342-0.13 0.005-0.282 0.008-0.435 0.008-4.293 0-8.084-2.148-10.358-5.427l-0.027-0.042c-2.594-3.635-3.874-8.79-3.874-15.463v-3.499c0.051-6.52 1.365-11.572 3.908-15.122 2.282-3.271 6.026-5.384 10.264-5.384 0.154 0 0.307 0.003 0.459 0.008l-0.022-0.001c4.676 0 8.278 1.792 10.804 5.376z"
        ],
        "attrs": [
          {
            "fill": "rgb(175, 177, 184)"
          }
        ],
        "width": 1809,
        "isMulticolor": false,
        "isMulticolor2": false,
        "grid": 0,
        "tags": [
          "logo-client-1"
        ],
        "colorPermutations": {
          "11171171171175177184125525525513315024313333331": [
            {
              "f": 4
            }
          ]
        }
      },
      "attrs": [
        {
          "fill": "rgb(175, 177, 184)"
        }
      ],
      "properties": {
        "order": 39,
        "id": 13,
        "name": "logo-client-1",
        "prevSize": 32
      },
      "setIdx": 0,
      "setId": 2,
      "iconIdx": 15
    },
    {
      "icon": {
        "paths": [
          "M855.316 101.273h-2.338c-3.584-0.222-7.168-0.307-10.752-0.393h-7.766c-6.776 0-13.688 0.171-20.549 0.512-0.232-0.018-0.503-0.028-0.777-0.028s-0.544 0.010-0.812 0.030l0.036-0.002c-65.899 3.84-127.077 20.323-182.38 47.048l2.882-1.256-7.373 3.55v377.906l17.272-5.871c15.156-5.206 31.302-9.899 48.011-14.234 41.28-11.042 88.797-17.696 137.762-18.343l0.398-0.004v49.649c-6.178 0.034-12.169 0.205-18.177 0.512h-1.434c-38.796 2.179-75.146 8.002-110.141 17.172l3.845-0.856c-48.098 12.229-90.246 29.135-129.421 50.767l2.781-1.408v-484.663c38.251-22.738 82.496-41.267 129.354-53.271l3.516-0.764c37.526-10.092 80.641-15.972 125.102-16.145l0.105-0h7.288c8.721 0.222 17.238 0.614 25.226 1.212 21.044 1.485 41.918 4.813 62.381 9.95v48.864c-17.411-4.267-38.060-7.503-59.179-9.041l-1.257-0.073-1.246-0.102c-4.216-0.358-8.431-0.717-12.357-0.717zM941.318 151.212c10.838 0.836 22.068 1.229 33.418 1.229 46.851-0.183 92.183-6.336 135.385-17.737l-3.744 0.84c48.082-12.272 90.203-29.181 129.368-50.79l-2.796 1.414v476.010c-38.256 22.719-82.504 41.246-129.36 53.268l-3.527 0.768c-37.529 10.056-80.649 15.922-125.11 16.111l-0.114 0c-0.914 0.008-1.994 0.012-3.075 0.012-32.633 0-64.311-4.088-94.551-11.779l2.645 0.57v-479.116c7.339 1.707 14.9 3.26 22.58 4.557 12.613 2.133 25.908 3.687 38.862 4.642zM1183.573 154.916l-17.272 5.803c-15.873 5.342-31.916 10.121-48.011 14.371-43.005 11.511-92.413 18.211-143.355 18.398l-0.113 0c-11.264 0-21.624-0.307-31.643-0.956l-13.773-0.905v388.744l11.828 1.024c10.957 0.973 22.273 1.451 33.674 1.451 40.226-0.177 79.129-5.503 116.189-15.351l-3.203 0.724c33.873-8.605 63.262-19.467 91.127-32.979l-2.821 1.234 7.373-3.55v-378.009z",
          "M609.938 771.629c-4.635-4.801-11.128-7.782-18.316-7.782-0.317 0-0.633 0.006-0.947 0.017l0.045-0.001c-0.115-0.002-0.251-0.003-0.387-0.003-3.859 0-7.539 0.766-10.897 2.154l0.189-0.069c-6.56 2.632-11.643 7.771-14.142 14.2l-0.058 0.17c-1.365 3.413-2.031 7.049-1.98 10.718v64.754c-0.171 4.557 0.717 9.097 2.543 13.278 1.536 3.328 3.738 6.281 6.486 8.687 2.577 2.168 5.615 3.755 8.875 4.608 3.157 0.87 6.417 1.331 9.677 1.331 3.601 0.034 7.168-0.734 10.445-2.253 9.718-4.319 16.374-13.883 16.385-25.002l0-0.001v-7.237h-16.948v5.769c0.003 0.117 0.005 0.255 0.005 0.393 0 1.933-0.365 3.781-1.030 5.478l0.035-0.102c-0.578 1.431-1.412 2.648-2.454 3.649l-0.003 0.003c-1.94 1.508-4.4 2.432-7.073 2.475l-0.010 0c-0.297 0.037-0.642 0.057-0.991 0.057-2.845 0-5.367-1.384-6.929-3.515l-0.017-0.024c-1.423-2.282-2.267-5.053-2.267-8.021 0-0.228 0.005-0.455 0.015-0.681l-0.001 0.032v-60.384c-0.102-3.345 0.614-6.656 2.082-9.677 1.564-2.401 4.236-3.967 7.274-3.967 0.354 0 0.702 0.021 1.045 0.062l-0.041-0.004c0.096-0.004 0.208-0.006 0.32-0.006 2.959 0 5.584 1.429 7.223 3.634l0.017 0.024c1.75 2.283 2.804 5.18 2.804 8.323 0 0.128-0.002 0.255-0.005 0.383l0-0.019v5.598h16.76v-6.605c0.001-0.085 0.001-0.186 0.001-0.288 0-3.973-0.759-7.77-2.139-11.252l0.072 0.207c-1.327-3.54-3.251-6.573-5.677-9.125l0.011 0.011zM710.499 770.912c-5.16-4.391-11.887-7.080-19.24-7.134l-0.012-0c-3.448 0-6.878 0.631-10.104 1.826-6.983 2.507-12.498 7.644-15.447 14.186l-0.068 0.168c-1.707 3.943-2.56 8.226-2.475 12.545v62.091c-0.119 4.369 0.734 8.704 2.475 12.715 1.536 3.345 3.755 6.315 6.554 8.687 2.594 2.389 5.632 4.267 8.943 5.462 3.243 1.195 6.656 1.809 10.104 1.826 7.396-0.018 14.143-2.777 19.284-7.315l-0.032 0.027c2.697-2.424 4.864-5.376 6.383-8.687 1.741-3.994 2.577-8.346 2.475-12.715v-62.108c0.003-0.161 0.005-0.351 0.005-0.541 0-4.334-0.912-8.454-2.556-12.18l0.076 0.193c-1.578-3.546-3.73-6.562-6.371-9.068l-0.012-0.012zM702.597 854.611c0.026 0.286 0.041 0.619 0.041 0.956 0 3.153-1.303 6.001-3.4 8.036l-0.003 0.003c-2.14 1.803-4.927 2.899-7.97 2.899s-5.831-1.096-7.989-2.914l0.019 0.015c-2.102-2.022-3.407-4.858-3.407-7.999 0-0.35 0.016-0.697 0.048-1.039l-0.003 0.044v-62.108c-0.026-0.288-0.041-0.622-0.041-0.96 0-3.146 1.304-5.988 3.401-8.015l0.003-0.003c2.139-1.806 4.926-2.904 7.97-2.904s5.832 1.098 7.989 2.919l-0.018-0.015c2.1 2.027 3.404 4.867 3.404 8.011 0 0.34-0.015 0.677-0.045 1.009l0.003-0.043v62.125zM842.566 882.363v-117.594h-16.265l-21.385 62.245h-0.29l-21.556-62.228h-16.095v117.56h16.794v-71.512h0.307l16.436 50.554h8.38l16.572-50.554h0.307v71.512h16.794zM937.99 773.029c-2.577-2.901-5.854-5.12-9.489-6.434-3.447-1.162-7.416-1.832-11.541-1.832-0.227 0-0.453 0.002-0.679 0.006l0.034-0h-24.953v117.594h16.76v-45.928h8.619c5.24 0.239 10.428-0.87 15.122-3.209 3.843-2.164 6.957-5.213 9.137-8.882l0.062-0.112c1.929-3.123 3.243-6.605 3.84-10.24 0.58-3.7 0.911-7.967 0.911-12.312 0-0.37-0.002-0.739-0.007-1.108l0.001 0.056c0.171-5.632-0.393-11.299-1.638-16.794-1.186-4.233-3.327-7.871-6.184-10.81l0.006 0.006zM929.354 808.87c-0.076 2.246-0.642 4.343-1.592 6.211l0.039-0.084c-0.971 1.805-2.457 3.225-4.261 4.089l-0.057 0.024c-2.067 0.952-4.486 1.507-7.034 1.507-0.305 0-0.609-0.008-0.911-0.024l0.042 0.002h-7.646v-39.972h8.636c0.241-0.013 0.522-0.020 0.806-0.020 2.451 0 4.774 0.549 6.853 1.53l-0.098-0.042c1.729 1.007 3.083 2.493 3.901 4.276l0.024 0.059c0.922 2.065 1.417 4.301 1.468 6.554v7.817c0 2.731 0.171 5.564 0 8.073h-0.171zM1017.354 764.768h-13.739l-25.908 117.594h16.76l4.915-25.26h22.853l4.915 25.26h16.743l-26.54-117.594zM1001.891 841.077l8.244-42.617h0.307l8.192 42.617h-16.743zM1125.595 835.598h-0.307l-25.294-70.83h-16.112v117.594h16.743v-70.71h0.341l25.601 70.693h15.77v-117.56h-16.743v70.83zM1227.965 764.768l-13.483 46.765h-0.341l-13.483-46.765h-17.716l23.007 67.894v49.683h16.76v-49.683l23.007-67.877h-17.75zM563.224 915.559h8.073v22.648h5.479v-22.666h8.022v-4.642h-21.573v4.659zM631.101 910.899l-10.582 27.308h5.82l2.253-6.213h10.889l2.321 6.213h5.974l-10.855-27.308h-5.82zM630.248 927.403l3.704-10.121 3.704 10.121h-7.424zM698.193 928.137h6.315v3.516c-1.76 1.422-4.020 2.288-6.482 2.304l-0.003 0c-0.117 0.007-0.254 0.011-0.391 0.011-2.188 0-4.138-1.019-5.401-2.608l-0.011-0.014c-1.271-1.817-2.030-4.072-2.030-6.505 0-0.215 0.006-0.429 0.018-0.642l-0.001 0.030c0-6.076 2.628-9.114 7.851-9.114 0.178-0.019 0.383-0.031 0.592-0.031 2.691 0 4.95 1.847 5.578 4.343l0.008 0.040 5.393-1.058c-1.161-5.325-5.001-8.022-11.572-8.022-0.108-0.003-0.235-0.005-0.363-0.005-3.535 0-6.757 1.336-9.19 3.531l0.012-0.011c-2.448 2.415-3.964 5.77-3.964 9.478 0 0.358 0.014 0.713 0.042 1.065l-0.003-0.046c-0.009 0.19-0.014 0.413-0.014 0.638 0 3.67 1.328 7.029 3.53 9.624l-0.018-0.021c2.411 2.491 5.785 4.037 9.521 4.037 0.295 0 0.588-0.010 0.879-0.029l-0.039 0.002c0.132 0.004 0.288 0.006 0.444 0.006 4.301 0 8.215-1.657 11.138-4.368l-0.011 0.010v-10.752h-11.828v4.608zM766.719 910.899h-5.53v27.308h19.115v-4.642h-13.586v-22.666zM824.663 910.899h-5.53v27.308h5.53v-27.308zM881.292 929.127l-11.179-18.228h-5.342v27.308h5.12v-17.835l10.974 17.835h5.496v-27.308h-5.069v18.245zM932.512 926.175h13.603v-4.642h-13.603v-5.974h14.627v-4.659h-20.157v27.308h20.72v-4.642h-15.19v-7.39zM1056.677 921.669h-10.752v-10.752h-5.462v27.291h5.462v-11.947h10.752v11.947h5.496v-27.308h-5.496v10.77zM1108.186 926.175h13.654v-4.642h-13.654v-5.974h14.678v-4.659h-20.14v27.308h20.686v-4.642h-15.19v-7.39zM1178.043 926.192c4.762-0.751 7.168-3.26 7.168-7.595 0.029-0.23 0.045-0.496 0.045-0.766 0-2.179-1.066-4.109-2.706-5.297l-0.019-0.013c-2.016-1.035-4.4-1.641-6.924-1.641-0.374 0-0.745 0.013-1.113 0.040l0.049-0.003h-11.572v27.291h5.496v-11.418h1.075c0.132-0.008 0.285-0.013 0.44-0.013 1.076 0 2.098 0.231 3.020 0.646l-0.046-0.019c0.802 0.495 1.468 1.178 1.946 1.997l5.957 8.67h6.554l-3.328-5.325c-1.503-2.665-3.538-4.863-5.975-6.511l-0.067-0.043zM1172.513 922.403h-4.045v-6.844h4.318c0.346-0.030 0.748-0.047 1.154-0.047 1.576 0 3.093 0.254 4.511 0.724l-0.101-0.029c0.733 0.659 1.192 1.61 1.192 2.669 0 1.175-0.565 2.218-1.439 2.871l-0.009 0.007c-1.364 0.433-2.933 0.682-4.56 0.682-0.359 0-0.716-0.012-1.069-0.036l0.048 0.003zM1230.73 926.175h13.586v-4.642h-13.586v-5.974h14.678v-4.659h-20.208v27.308h20.72v-4.642h-15.19v-7.39z"
        ],
        "attrs": [
          {
            "fill": "rgb(175, 177, 184)"
          },
          {
            "fill": "rgb(175, 177, 184)"
          }
        ],
        "width": 1809,
        "isMulticolor": false,
        "isMulticolor2": false,
        "grid": 0,
        "tags": [
          "logo-client-2"
        ],
        "colorPermutations": {
          "11171171171175177184125525525513315024313333331": [
            {
              "f": 4
            },
            {
              "f": 4
            }
          ]
        }
      },
      "attrs": [
        {
          "fill": "rgb(175, 177, 184)"
        },
        {
          "fill": "rgb(175, 177, 184)"
        }
      ],
      "properties": {
        "order": 40,
        "id": 12,
        "name": "logo-client-2",
        "prevSize": 32
      },
      "setIdx": 0,
      "setId": 2,
      "iconIdx": 16
    },
    {
      "icon": {
        "paths": [
          "M621.356 838.004c0.273 0 0.546 0.068 0.785 0.171 0.257 0.099 0.478 0.238 0.667 0.411l-0.001-0.001 3.721 3.55c-2.901 2.884-6.469 5.188-10.479 6.759-4.13 1.542-8.902 2.435-13.883 2.435-0.34 0-0.678-0.004-1.016-0.012l0.050 0.001c-4.779 0.085-9.524-0.683-13.944-2.27-4.083-1.48-7.589-3.651-10.55-6.401l0.019 0.018c-2.864-2.715-5.158-6-6.706-9.677l-0.070-0.188c-1.513-3.642-2.391-7.873-2.391-12.308 0-0.125 0.001-0.25 0.002-0.375l-0 0.019c-0.005-0.194-0.007-0.422-0.007-0.651 0-8.691 3.768-16.502 9.76-21.889l0.027-0.024c3.175-2.782 6.981-4.967 11.162-6.434 4.591-1.536 9.472-2.304 14.388-2.253 0.264-0.006 0.575-0.010 0.887-0.010 4.46 0 8.744 0.754 12.732 2.141l-0.272-0.082c3.687 1.4 7.066 3.328 10.019 5.718l-3.123 3.789c-0.22 0.269-0.48 0.496-0.772 0.675l-0.013 0.008c-0.311 0.187-0.686 0.297-1.087 0.297-0.062 0-0.124-0.003-0.184-0.008l0.008 0.001c-0.505-0.023-0.972-0.166-1.38-0.4l0.015 0.008-1.656-1.024-2.338-1.297c-2.127-1.037-4.596-1.824-7.189-2.233l-0.15-0.019c-1.546-0.262-3.326-0.412-5.141-0.412-0.143 0-0.285 0.001-0.427 0.003l0.022-0c-0.101-0.001-0.22-0.002-0.339-0.002-3.579 0-7.012 0.626-10.196 1.775l0.209-0.066c-3.136 1.103-5.835 2.73-8.128 4.798l0.021-0.019c-2.321 2.185-4.096 4.779-5.257 7.595-1.2 2.86-1.897 6.184-1.897 9.671 0 0.122 0.001 0.244 0.003 0.366l-0-0.018c-0.002 0.124-0.003 0.27-0.003 0.416 0 3.522 0.697 6.881 1.961 9.947l-0.063-0.174c1.144 2.799 2.901 5.359 5.171 7.561 2.133 2.048 4.779 3.669 7.732 4.694 3.038 1.092 6.281 1.638 9.575 1.621 1.894 0.017 3.806-0.085 5.683-0.324 4.736-0.488 8.956-2.381 12.32-5.249l-0.031 0.026c0.477-0.389 1.088-0.63 1.754-0.648l0.004-0zM728.846 820.135c0.001 0.112 0.002 0.245 0.002 0.378 0 4.41-0.924 8.604-2.589 12.399l0.078-0.198c-1.652 3.854-4.024 7.112-6.971 9.739l-0.027 0.024c-3.089 2.749-6.754 4.929-10.782 6.332l-0.226 0.069c-4.224 1.436-9.090 2.266-14.149 2.266s-9.925-0.829-14.468-2.359l0.32 0.093c-4.221-1.502-7.855-3.69-10.955-6.462l0.031 0.028c-2.981-2.699-5.375-5.985-7.011-9.682l-0.072-0.183c-1.588-3.719-2.511-8.045-2.511-12.587s0.923-8.869 2.592-12.802l-0.081 0.215c1.587-3.687 3.994-7.049 7.083-9.899 3.106-2.714 6.827-4.813 10.923-6.195 4.221-1.462 9.087-2.307 14.149-2.307s9.928 0.844 14.462 2.4l-0.313-0.093c4.13 1.451 7.868 3.635 10.974 6.417 3.072 2.816 5.462 6.144 7.032 9.745 1.724 4.062 2.577 8.346 2.509 12.664zM719.084 820.135c0.003-0.158 0.005-0.343 0.005-0.53 0-3.449-0.653-6.746-1.843-9.773l0.063 0.181c-2.263-5.822-6.899-10.29-12.688-12.279l-0.146-0.044c-3.069-1.051-6.605-1.657-10.283-1.657s-7.214 0.606-10.514 1.725l0.231-0.068c-3.058 1.086-5.681 2.715-7.879 4.789l0.011-0.010c-2.176 2.063-3.89 4.589-4.988 7.422l-0.047 0.139c-1.124 3.006-1.775 6.479-1.775 10.104s0.651 7.098 1.842 10.309l-0.067-0.205c2.262 5.836 6.932 10.305 12.757 12.246l0.146 0.042c6.622 2.168 13.927 2.168 20.566 0 2.987-1.041 5.666-2.663 7.851-4.728 2.236-2.202 3.926-4.779 4.984-7.561 1.246-3.243 1.843-6.673 1.775-10.104zM802.185 830.734l0.99 2.253c0.358-0.802 0.683-1.536 1.058-2.253 0.415-0.878 0.819-1.605 1.263-2.304l-0.051 0.085 23.775-37.565c0.478-0.649 0.888-1.058 1.365-1.178 0.489-0.135 1.051-0.213 1.631-0.213 0.111 0 0.22 0.003 0.33 0.008l-0.015-0.001h7.032v61.101h-8.329v-46.816c-0.022-0.317-0.035-0.686-0.035-1.058s0.013-0.742 0.038-1.108l-0.003 0.049-23.946 38.094c-0.329 0.589-0.806 1.060-1.381 1.373l-0.018 0.009c-0.58 0.322-1.273 0.512-2.010 0.512-0.014 0-0.027-0-0.041-0l0.002 0h-1.348c-0.015 0-0.033 0-0.051 0-0.732 0-1.421-0.19-2.018-0.523l0.021 0.011c-0.589-0.322-1.060-0.794-1.374-1.365l-0.009-0.018-24.628-38.333v49.035h-8.039v-60.965h7.015c0.098-0.005 0.213-0.008 0.329-0.008 0.581 0 1.144 0.078 1.679 0.224l-0.045-0.010c0.58 0.256 1.024 0.666 1.297 1.178l24.287 37.599c0.439 0.629 0.844 1.346 1.179 2.102l0.033 0.083zM891.669 827.696v22.87h-9.285v-60.999h20.754c3.926-0.068 7.817 0.393 11.589 1.331 3.004 0.751 5.803 2.048 8.192 3.806 1.985 1.574 3.562 3.577 4.602 5.875l0.040 0.099c1.109 2.492 1.638 5.154 1.587 7.817 0.003 0.112 0.004 0.244 0.004 0.377 0 5.511-2.63 10.407-6.704 13.503l-0.042 0.030c-2.389 1.826-5.206 3.209-8.244 4.028-3.14 0.904-6.747 1.424-10.475 1.424-0.259 0-0.518-0.003-0.777-0.008l-11.226-0.17zM891.669 821.142h11.264c2.441 0.034 4.881-0.29 7.22-0.922 1.993-0.587 3.727-1.486 5.242-2.656l-0.037 0.027c2.614-2.163 4.268-5.409 4.268-9.040 0-0.050-0-0.1-0.001-0.15l0 0.008c0.013-0.196 0.021-0.426 0.021-0.657 0-1.563-0.347-3.045-0.969-4.373l0.027 0.063c-0.783-1.657-1.878-3.048-3.222-4.148l-0.021-0.017c-3.109-2.087-6.936-3.331-11.053-3.331-0.519 0-1.033 0.020-1.542 0.059l0.068-0.004h-11.264v25.14zM1016.756 850.651h-7.339c-0.042 0.002-0.091 0.003-0.14 0.003-0.71 0-1.37-0.211-1.921-0.574l0.013 0.008c-0.519-0.363-0.936-0.84-1.219-1.395l-0.010-0.021-6.315-14.746h-31.797l-6.554 14.746c-0.578 1.182-1.772 1.981-3.152 1.981-0.032 0-0.063-0-0.095-0.001l0.005 0h-7.373l27.922-61.101h9.677l28.298 61.101zM970.674 827.969h26.25l-11.060-24.867c-0.853-1.877-1.536-3.789-2.099-5.735l-1.075 3.192c-0.324 0.973-0.683 1.877-1.024 2.594l-10.974 24.816zM1056.967 789.857c0.546 0.256 1.024 0.631 1.382 1.075l40.723 46.065v-47.43h8.329v61.101h-4.642c-0.031 0.001-0.068 0.001-0.104 0.001-0.654 0-1.275-0.139-1.836-0.388l0.029 0.011c-0.585-0.292-1.082-0.67-1.499-1.123l-0.003-0.004-40.655-46.014c0.021 0.314 0.033 0.68 0.033 1.050s-0.012 0.736-0.036 1.099l0.003-0.049v45.399h-8.329v-61.101h4.932c0.563 0 1.144 0.102 1.673 0.29zM1175.995 826.364v24.253h-9.302v-24.236l-25.738-36.797h8.329c0.061-0.004 0.132-0.006 0.204-0.006 0.665 0 1.285 0.193 1.807 0.526l-0.014-0.008c0.512 0.41 0.939 0.87 1.263 1.382l16.095 23.741c0.649 1.024 1.212 1.946 1.673 2.833 0.478 0.888 0.853 1.741 1.178 2.577l1.195-2.628c0.461-0.956 0.99-1.877 1.587-2.782l15.873-23.894c0.345-0.494 0.74-0.921 1.184-1.288l0.011-0.009c0.508-0.376 1.147-0.602 1.838-0.602 0.062 0 0.123 0.002 0.184 0.005l-0.008-0h8.414l-25.772 36.951zM797.577 687.043c4.045 0.444 8.141 0.802 12.289 1.126 62.791-24.406 115.905-64.344 152.719-114.829 36.797-50.485 55.657-109.283 54.223-169.036l-69.191-60.111c14.064 63.61 7.476 129.371-19.013 189.926-26.506 60.555-71.854 113.498-131.026 152.924z",
          "M772.88 684.244l1.86 0.341c63.218-39.306 111.399-94.161 138.348-157.498s31.404-132.255 12.801-197.811l-98.564-85.627c39.852 70.386 55.913 149.169 46.253 227.167-9.626 77.998-44.546 152.002-100.698 213.428zM1107.128 474.896c-16.743 65.658-57.415 124.865-115.956 168.848-15.992 12.169-34.038 23.58-53.046 33.388l-2.065 0.969c47.686-12.169 91.498-33.691 128.091-62.91s64.976-65.351 82.948-105.596l-39.972-34.698z",
          "M1091.443 465.235l-56.903-49.444c-1.092 56.374-19.542 111.467-53.421 159.546-33.896 48.096-81.992 87.419-139.27 113.891h0.273c12.766 0 25.516-0.683 38.197-1.98 53.54-18.996 100.851-49.205 137.683-87.948 36.849-38.743 62.074-84.791 73.441-134.064zM781.107 207.518l-67.894-59.053c-60.692 20.378-112.884 56.203-149.766 102.78-36.866 46.594-56.698 101.739-56.886 158.283 0.222 62.467 24.423 123.090 68.782 172.261 44.324 49.154 106.279 84.091 176.033 99.23 62.262-65.914 98.735-147.36 104.077-232.509 5.342-85.166-20.703-169.565-74.346-240.992zM1248.31 456.138c-0.239-74.107-34.237-145.124-94.553-197.538-60.316-52.397-142.069-81.941-227.372-82.162-0.202-0-0.441-0.001-0.68-0.001-40.991 0-80.389 6.823-117.12 19.395l2.544-0.757 415.677 361.18c13.55-29.424 21.467-63.841 21.505-100.104l0-0.014z"
        ],
        "attrs": [
          {
            "fill": "rgb(175, 177, 184)"
          },
          {
            "fill": "rgb(175, 177, 184)"
          },
          {
            "fill": "rgb(175, 177, 184)"
          }
        ],
        "width": 1809,
        "isMulticolor": false,
        "isMulticolor2": false,
        "grid": 0,
        "tags": [
          "logo-client-3"
        ],
        "colorPermutations": {
          "11171171171175177184125525525513315024313333331": [
            {
              "f": 4
            },
            {
              "f": 4
            },
            {
              "f": 4
            }
          ]
        }
      },
      "attrs": [
        {
          "fill": "rgb(175, 177, 184)"
        },
        {
          "fill": "rgb(175, 177, 184)"
        },
        {
          "fill": "rgb(175, 177, 184)"
        }
      ],
      "properties": {
        "order": 41,
        "id": 11,
        "name": "logo-client-3",
        "prevSize": 32
      },
      "setIdx": 0,
      "setId": 2,
      "iconIdx": 17
    },
    {
      "icon": {
        "paths": [
          "M412.109 360.151h-0.051c-40.928 0-74.107 29.475-74.107 65.846v0.051c0 36.371 33.179 65.863 74.107 65.863h0.051c40.928 0 74.107-29.492 74.107-65.863v-0.034c0-36.388-33.179-65.88-74.107-65.88zM959.103 339.107c-0.119-50.52-22.751-98.957-62.945-134.679-40.177-35.722-94.673-55.845-151.507-55.964-56.869 0.085-111.382 20.208-151.593 55.93-40.211 35.739-62.842 84.159-62.979 134.696v278.591s428.972-42.464 429.023-278.54v-0.051zM187.741 709.129c0.102 35.159 15.873 68.833 43.829 93.7 27.956 24.85 65.863 38.862 105.408 38.965 39.545-0.102 77.435-14.115 105.408-38.965 27.956-24.85 43.727-58.524 43.829-93.666v-193.852s-298.475 29.578-298.475 193.817zM336.979 743.844c-7.732 0-15.275-2.031-21.71-5.854-6.251-3.673-11.187-8.994-14.294-15.369l-0.094-0.213c-1.873-3.886-2.967-8.449-2.967-13.268 0-2.405 0.273-4.747 0.789-6.996l-0.040 0.209c1.502-6.742 5.223-12.937 10.684-17.784 5.462-4.864 12.425-8.175 20.003-9.507 2.297-0.428 4.939-0.673 7.639-0.673 5.362 0 10.498 0.966 15.243 2.735l-0.302-0.099c7.151 2.628 13.244 7.083 17.545 12.801s6.588 12.425 6.588 19.286c0.017 4.574-0.973 9.114-2.936 13.347-2.11 4.438-4.96 8.194-8.429 11.267l-0.036 0.032c-3.618 3.243-7.936 5.803-12.698 7.561-4.446 1.686-9.587 2.663-14.956 2.663-0.010 0-0.021-0-0.031-0l0.002 0v-0.137zM638.628 724.728h-28.81v29.748h-15.002v-72.827h47.413v12.152h-32.411v18.808h28.81v12.101zM710.721 719.727c0 7.168-1.263 13.449-3.789 18.842-2.543 5.41-6.178 9.558-10.923 12.51-4.452 2.768-9.855 4.408-15.641 4.408-0.189 0-0.378-0.002-0.567-0.005l0.028 0c-6.042 0-11.435-1.451-16.163-4.352-4.781-2.999-8.547-7.221-10.917-12.232l-0.075-0.176c-2.492-5.269-3.947-11.447-3.947-17.965 0-0.224 0.002-0.448 0.005-0.672l-0 0.034v-3.584c0-7.168 1.28-13.483 3.84-18.911 2.594-5.462 6.247-9.66 10.957-12.545 4.728-2.936 10.121-4.403 16.197-4.403 6.059 0 11.435 1.468 16.146 4.403 4.745 2.901 8.38 7.083 10.957 12.545 2.594 5.427 3.891 11.708 3.891 18.842v3.243zM695.531 716.416c0-7.629-1.365-13.432-4.096-17.409-2.431-3.61-6.502-5.952-11.12-5.952-0.207 0-0.412 0.005-0.617 0.014l0.029-0.001c-0.17-0.008-0.369-0.012-0.569-0.012-4.601 0-8.658 2.328-11.058 5.871l-0.030 0.047c-2.731 3.908-4.113 9.626-4.147 17.204v3.55c0 7.424 1.365 13.193 4.096 17.289s6.656 6.144 11.811 6.144c0.177 0.008 0.384 0.013 0.592 0.013 4.575 0 8.608-2.323 10.983-5.854l0.030-0.047c2.697-3.96 4.062-9.728 4.096-17.306v-3.55zM759.363 735.361c0.007-0.126 0.012-0.274 0.012-0.423 0-2.464-1.168-4.655-2.981-6.050l-0.018-0.013c-1.997-1.536-5.598-3.14-10.804-4.796-4.796-1.495-8.881-3.191-12.776-5.206l0.436 0.205c-8.278-4.472-12.408-10.496-12.408-18.057 0-3.926 1.092-7.441 3.294-10.496 2.236-3.106 5.427-5.513 9.558-7.254 4.164-1.724 8.841-2.594 13.995-2.594 5.206 0 9.831 0.939 13.91 2.85 4.062 1.877 7.22 4.506 9.438 7.953 2.27 3.413 3.413 7.339 3.413 11.691h-15.019c0-3.328-1.024-5.922-3.14-7.749-2.099-1.877-5.052-2.799-8.841-2.799-3.669 0-6.52 0.785-8.551 2.355-1.86 1.334-3.057 3.49-3.057 5.925 0 0.059 0.001 0.118 0.002 0.177l-0-0.009c0 2.372 1.195 4.352 3.55 5.957 2.389 1.587 5.922 3.089 10.548 4.489 8.534 2.56 14.746 5.752 18.655 9.558 3.891 3.789 5.854 8.534 5.854 14.2 0 6.298-2.389 11.264-7.168 14.849-4.762 3.567-11.162 5.359-19.235 5.359-5.598 0-10.701-1.024-15.309-3.072-4.322-1.835-7.893-4.726-10.497-8.358l-0.050-0.074c-2.249-3.362-3.589-7.498-3.589-11.946 0-0.162 0.002-0.324 0.005-0.486l-0 0.024h15.036c0 8.022 4.796 12.050 14.405 12.050 3.567 0 6.349-0.717 8.363-2.15 1.821-1.31 2.992-3.422 2.992-5.809 0-0.1-0.002-0.199-0.006-0.298l0 0.014zM839.426 693.819h-22.29v60.658h-15.019v-60.658h-21.966v-12.152h59.292v12.152zM891.823 722.919h-28.793v19.508h33.793v12.050h-48.796v-72.827h48.71v12.152h-33.708v17.358h28.81v11.742zM932.58 727.817h-11.947v26.659h-15.002v-72.827h27.052c8.602 0 15.241 1.929 19.901 5.752 4.676 3.84 6.998 9.251 6.998 16.248 0 4.967-1.075 9.131-3.243 12.459-2.409 3.498-5.72 6.217-9.601 7.848l-0.144 0.054 15.736 29.748v0.683h-16.095l-13.654-26.625zM920.633 715.665h12.118c3.755 0 6.656-0.939 8.739-2.833 1.916-1.881 3.104-4.499 3.104-7.395 0-0.196-0.005-0.392-0.016-0.586l0.001 0.027c0-3.448-0.973-6.144-2.936-8.107-1.946-1.963-4.915-2.953-8.96-2.953h-12.050v21.846zM1011.534 728.824v25.652h-15.002v-72.827h28.4c5.462 0 10.275 1.007 14.405 3.004 4.164 1.997 7.373 4.847 9.609 8.551 2.219 3.669 3.345 7.851 3.345 12.545 0 7.134-2.458 12.766-7.339 16.897-4.881 4.096-11.623 6.161-20.259 6.161h-13.142zM1011.534 716.672h13.398c3.977 0 6.998-0.939 9.046-2.799 2.116-1.877 3.157-4.54 3.157-8.005 0.008-0.161 0.012-0.35 0.012-0.54 0-3.131-1.198-5.983-3.161-8.122l0.008 0.009c-2.099-2.185-5.001-3.328-8.704-3.396h-13.756v22.87zM1106.428 722.919h-28.793v19.508h33.793v12.050h-48.796v-72.827h48.71v12.152h-33.708v17.358h28.81v11.742zM1176.046 693.819h-22.307v60.658h-15.002v-60.658h-22v-12.152h59.309v12.152zM1228.443 722.919h-28.776v19.508h33.793v12.050h-48.813v-72.827h48.71v12.152h-33.691v17.358h28.793v11.742zM1269.2 727.817h-11.947v26.659h-15.019v-72.827h27.069c8.602 0 15.224 1.929 19.901 5.752 4.659 3.84 6.998 9.251 6.998 16.248 0 4.967-1.092 9.131-3.243 12.459-2.414 3.5-5.731 6.219-9.618 7.849l-0.144 0.054 15.753 29.748v0.683h-16.095l-13.654-26.625zM1257.253 715.665h12.101c3.755 0 6.673-0.939 8.739-2.833 1.926-1.883 3.12-4.507 3.12-7.411 0-0.191-0.005-0.381-0.015-0.569l0.001 0.026c0-3.448-0.973-6.144-2.953-8.107-1.929-1.963-4.915-2.953-8.943-2.953h-12.050v21.846zM1345.406 735.378c0.008-0.127 0.012-0.276 0.012-0.426 0-2.472-1.175-4.669-2.997-6.063l-0.018-0.013c-1.997-1.536-5.598-3.14-10.804-4.796-4.795-1.494-8.881-3.191-12.775-5.205l0.435 0.205c-8.278-4.472-12.408-10.496-12.408-18.057 0-3.926 1.109-7.441 3.294-10.496 2.236-3.106 5.427-5.513 9.558-7.254 4.164-1.724 8.841-2.594 13.995-2.594 5.206 0 9.831 0.939 13.91 2.85 4.062 1.877 7.22 4.506 9.438 7.953 2.27 3.413 3.413 7.339 3.413 11.691h-15.019c0-3.328-1.024-5.922-3.14-7.749-2.099-1.877-5.052-2.799-8.841-2.799-3.669 0-6.52 0.785-8.551 2.355-1.869 1.333-3.074 3.495-3.074 5.937 0 0.055 0.001 0.11 0.002 0.164l-0-0.008c0 2.372 1.195 4.352 3.567 5.957 2.389 1.587 5.922 3.089 10.548 4.489 8.534 2.56 14.746 5.752 18.655 9.558 3.891 3.789 5.854 8.534 5.854 14.2 0 6.298-2.389 11.264-7.168 14.849-4.762 3.567-11.179 5.359-19.235 5.359-5.598 0-10.701-1.024-15.309-3.072-4.322-1.835-7.893-4.726-10.497-8.358l-0.050-0.074c-2.249-3.362-3.589-7.498-3.589-11.946 0-0.162 0.002-0.324 0.005-0.486l-0 0.024h15.036c0 8.022 4.796 12.050 14.405 12.050 3.567 0 6.349-0.717 8.346-2.15 1.83-1.309 3.009-3.427 3.009-5.821 0-0.096-0.002-0.191-0.006-0.286l0 0.014z"
        ],
        "attrs": [
          {
            "fill": "rgb(175, 177, 184)"
          }
        ],
        "width": 1809,
        "isMulticolor": false,
        "isMulticolor2": false,
        "grid": 0,
        "tags": [
          "logo-client-4"
        ],
        "colorPermutations": {
          "11171171171175177184125525525513315024313333331": [
            {
              "f": 4
            }
          ]
        }
      },
      "attrs": [
        {
          "fill": "rgb(175, 177, 184)"
        }
      ],
      "properties": {
        "order": 42,
        "id": 10,
        "name": "logo-client-4",
        "prevSize": 32
      },
      "setIdx": 0,
      "setId": 2,
      "iconIdx": 18
    },
    {
      "icon": {
        "paths": [
          "M456.672 763.488c4.164 4.711 6.366 10.616 6.264 16.675 0.021 0.377 0.033 0.818 0.033 1.262 0 3.729-0.836 7.263-2.332 10.424l0.063-0.148c-1.795 3.799-4.323 6.983-7.425 9.484l-0.051 0.040c-7.067 4.869-15.812 7.777-25.237 7.777-1.035 0-2.062-0.035-3.079-0.104l0.138 0.007h-49.564v-105.647h48.54c0.858-0.059 1.86-0.093 2.87-0.093 8.93 0 17.243 2.645 24.197 7.195l-0.169-0.104c3.14 2.424 5.632 5.462 7.254 8.875 1.638 3.448 2.372 7.168 2.168 10.923 0.273 5.803-1.707 11.555-5.632 16.146-3.772 4.199-8.977 7.1-14.78 8.261 6.571 1.092 12.51 4.301 16.726 9.046zM398.541 747.547h20.754c4.711 0.307 9.387-0.939 13.193-3.516 1.508-1.252 2.707-2.823 3.501-4.613l0.032-0.080c0.61-1.365 0.965-2.957 0.965-4.633 0-0.352-0.016-0.7-0.046-1.044l0.003 0.044c0.021-0.266 0.033-0.576 0.033-0.889 0-1.708-0.358-3.333-1.002-4.804l0.030 0.077c-0.816-1.867-1.991-3.441-3.448-4.696l-0.017-0.014c-3.35-2.274-7.482-3.631-11.932-3.631-0.582 0-1.159 0.023-1.729 0.069l0.075-0.005h-20.43v27.735zM434.519 788.065c1.619-1.285 2.913-2.908 3.789-4.766l0.034-0.081c0.697-1.485 1.104-3.225 1.104-5.060 0-0.291-0.010-0.581-0.030-0.867l0.002 0.039c0.015-0.231 0.024-0.502 0.024-0.774 0-1.887-0.424-3.676-1.183-5.274l0.032 0.075c-0.933-1.948-2.249-3.575-3.862-4.842l-0.029-0.022c-3.569-2.421-7.972-3.865-12.712-3.865-0.488 0-0.971 0.015-1.451 0.045l0.066-0.003h-21.761v29.066h22.051c4.95 0.256 9.865-1.024 13.927-3.669zM555.885 808.922l-26.984-41.303h-10.155v41.303h-23.229v-105.664h43.983c0.938-0.068 2.032-0.107 3.135-0.107 10.347 0 19.896 3.411 27.586 9.17l-0.12-0.086c6.144 5.735 9.865 13.296 10.462 21.3 0.049 0.664 0.078 1.438 0.078 2.218 0 7.702-2.743 14.763-7.305 20.261l0.042-0.052c-5.456 5.615-12.681 9.486-20.773 10.71l-0.203 0.025 28.759 42.225h-25.26zM518.747 753.214h18.996c13.193 0 19.798-5.325 19.798-15.992 0.016-0.255 0.025-0.552 0.025-0.852 0-2.002-0.404-3.909-1.136-5.644l0.036 0.096c-0.894-2.149-2.172-3.975-3.764-5.471l-0.008-0.008c-3.608-2.723-8.167-4.362-13.109-4.362-0.648 0-1.29 0.028-1.924 0.083l0.082-0.006h-19.218l0.222 32.155zM682.867 787.639h-46.287l-8.175 21.283h-24.355l42.498-104.487h26.352l42.327 104.487h-24.338l-8.005-21.266zM676.671 771.646l-16.914-44.597-16.914 44.597h33.828zM841.798 808.922h-23.041l-51.714-71.854v71.854h-23.007v-105.681h23.007l51.714 72.28v-72.28h23.041v105.681zM973.405 783.628c-4.779 7.97-12.033 14.473-20.873 18.638-8.964 4.218-19.468 6.68-30.548 6.68-0.661 0-1.32-0.009-1.977-0.026l0.097 0.002h-41.030v-105.664h41.047c0.575-0.016 1.251-0.025 1.93-0.025 11.046 0 21.532 2.398 30.965 6.701l-0.467-0.191c8.824 4.096 16.095 10.514 20.856 18.433 4.745 8.602 7.22 18.091 7.22 27.735 0 9.626-2.475 19.115-7.22 27.717zM947.019 781.102c6.258-6.552 10.129-15.431 10.189-25.214l0-0.012c0-9.251-3.618-18.194-10.189-25.209-7.148-5.658-16.294-9.077-26.239-9.077-0.929 0-1.85 0.030-2.764 0.089l0.125-0.006h-16.009v68.406h16.009c0.792 0.053 1.717 0.083 2.649 0.083 9.939 0 19.081-3.412 26.319-9.128l-0.090 0.068zM697.306 115.473s297.621 102.882 291.323 251.761v251.812s-297.417-102.916-291.221-251.812l-0.102-251.761zM1253.771 560.096c56.22-35.415 121.23-57.346 189.107-63.798v-78.851c-78.203 27.615-144.561 77.657-189.107 142.649z",
          "M1220.012 583.854c45.997-84.825 125.753-150.278 222.866-182.911v-227.133s-423.869 146.558-414.908 358.569v358.518s18.894-6.554 48.608-18.842c0-11.452 0-23.024 1.365-34.647 8.756-98.411 59.855-189.619 142.069-253.57z",
          "M1179.699 717.031c2.219-24.867 7.185-49.461 14.815-73.407-51.168 55.213-82.18 123.739-88.614 195.917-0.631 6.81-0.973 13.62-1.144 20.652 35.361-15.469 62.137-28.632 88.363-42.684l-6.832 3.344c-7.51-34.152-9.728-69.106-6.588-103.821zM1196.561 718.328c-0.831 8.72-1.305 18.854-1.305 29.099 0 22.976 2.383 45.395 6.915 67.023l-0.371-2.115c115.802-63.457 245.941-161.492 240.906-279.957v-10.326c-82.743 8.482-160.143 41.593-220.34 94.263-13.283 29.833-22.459 64.436-25.731 100.743l-0.092 1.269z"
        ],
        "attrs": [
          {
            "fill": "rgb(175, 177, 184)"
          },
          {
            "fill": "rgb(175, 177, 184)"
          },
          {
            "fill": "rgb(175, 177, 184)"
          }
        ],
        "width": 1809,
        "isMulticolor": false,
        "isMulticolor2": false,
        "grid": 0,
        "tags": [
          "logo-client-5"
        ],
        "colorPermutations": {
          "11171171171175177184125525525513315024313333331": [
            {
              "f": 4
            },
            {
              "f": 4
            },
            {
              "f": 4
            }
          ]
        }
      },
      "attrs": [
        {
          "fill": "rgb(175, 177, 184)"
        },
        {
          "fill": "rgb(175, 177, 184)"
        },
        {
          "fill": "rgb(175, 177, 184)"
        }
      ],
      "properties": {
        "order": 43,
        "id": 9,
        "name": "logo-client-5",
        "prevSize": 32
      },
      "setIdx": 0,
      "setId": 2,
      "iconIdx": 19
    },
    {
      "icon": {
        "paths": [
          "M911.826 467.761c-6.507-8.393-10.432-19.072-10.432-30.668 0-1.148 0.038-2.286 0.114-3.414l-0.008 0.153v-49.222c0-15.071 3.413-26.54 10.275-34.391 6.827-7.851 18.586-11.742 35.244-11.708 15.651 0 26.779 3.345 33.333 10.019 7.168 8.517 10.667 18.928 9.865 29.424v11.572h-27.991v-11.725c0.085-3.823-0.171-7.663-0.819-11.452-0.482-2.772-1.935-5.141-3.989-6.793l-0.022-0.017c-2.516-1.685-5.613-2.69-8.943-2.69-0.42 0-0.837 0.016-1.25 0.047l0.055-0.003c-0.362-0.027-0.785-0.043-1.211-0.043-3.521 0-6.795 1.061-9.518 2.881l0.062-0.039c-2.316 1.859-3.975 4.452-4.626 7.423l-0.016 0.087c-0.711 3.372-1.117 7.248-1.117 11.218 0 0.335 0.003 0.668 0.009 1.002l-0.001-0.050v59.719c-0.444 5.752 0.802 11.52 3.584 16.76 1.455 1.8 3.343 3.194 5.508 4.032l0.090 0.031c1.642 0.654 3.546 1.033 5.538 1.033 0.599 0 1.189-0.034 1.77-0.101l-0.071 0.007c0.352 0.029 0.763 0.046 1.177 0.046 3.265 0 6.29-1.027 8.77-2.774l-0.048 0.032c2.162-1.801 3.674-4.317 4.171-7.182l0.010-0.072c0.649-3.96 0.956-7.97 0.87-11.964v-12.118h28.008v11.060c0.060 0.874 0.095 1.895 0.095 2.923 0 10.632-3.682 20.404-9.842 28.11l0.069-0.090c-6.434 7.305-17.409 10.957-33.52 10.957s-28.298-3.908-35.193-12.015zM1028.43 468.273c-7.083-7.68-10.616-18.825-10.616-33.589v-51.765c0-14.627 3.533-25.686 10.616-33.196 7.066-7.51 18.894-11.247 35.483-11.213 16.47 0 28.229 3.755 35.312 11.213 7.066 7.51 10.667 18.569 10.667 33.196v51.748c0 14.627-3.584 25.84-10.787 33.555-7.185 7.697-18.894 11.555-35.193 11.555s-28.349-3.908-35.5-11.503zM1076.953 455.848c2.543-4.779 3.687-10.053 3.362-15.309v-63.388c0.033-0.51 0.052-1.106 0.052-1.706 0-4.876-1.239-9.462-3.419-13.461l0.074 0.148c-1.483-1.831-3.413-3.245-5.626-4.083l-0.091-0.030c-1.629-0.636-3.515-1.005-5.487-1.005-0.671 0-1.332 0.043-1.98 0.125l0.077-0.008c-0.568-0.073-1.226-0.115-1.893-0.115-1.981 0-3.876 0.368-5.621 1.039l0.107-0.036c-2.314 0.871-4.254 2.284-5.733 4.089l-0.019 0.024c-2.56 4.694-3.704 9.865-3.362 15.019v63.678c-0.341 5.274 0.802 10.531 3.362 15.327 1.621 1.604 3.652 2.901 5.905 3.789 2.133 0.858 4.605 1.356 7.194 1.356s5.061-0.498 7.327-1.403l-0.133 0.047c2.27-0.888 4.267-2.185 5.905-3.789v-0.307zM1143.584 340.029h30.141l22.666 95.492 23.212-95.492h29.322l2.97 137.836h-21.693l-2.321-95.799-22.375 95.799h-17.409l-23.178-96.158-2.15 96.158h-21.915l2.731-137.836zM1285.687 340.029h46.969c27.052 0 40.586 13.039 40.586 39.136 0 24.987-14.251 37.48-42.737 37.446h-15.992v61.255h-28.998l0.171-137.853zM1325.813 398.929c2.867 0.324 5.769 0.102 8.534-0.666 2.731-0.751 5.291-1.997 7.407-3.687 3.328-4.659 4.796-10.121 4.182-15.565 0.017-0.452 0.027-0.983 0.027-1.515 0-3.909-0.52-7.696-1.496-11.297l0.070 0.302c-0.457-1.468-1.189-2.735-2.142-3.799l0.008 0.010c-1.014-1.128-2.225-2.056-3.583-2.734l-0.069-0.031c-3.376-1.428-7.301-2.257-11.421-2.257-0.533 0-1.064 0.014-1.59 0.041l0.074-0.003h-11.247v41.201h11.264zM1415.058 340.029h31.131l31.95 137.836h-27.035l-6.315-31.779h-27.769l-6.486 31.779h-27.427l31.933-137.836zM1441.666 430.128l-10.855-57.858-10.838 57.858h21.676zM1503.928 340.029h20.31l38.828 78.63v-78.63h24.065v137.836h-19.303l-39.084-82.094v82.094h-24.867l0.051-137.836zM1643.488 425.298l-32.292-85.081h27.205l19.713 54.667 18.484-54.667h26.625l-31.899 85.098v52.551h-27.82v-52.568zM956.594 538.147v7.202h-23.655v56.015h-9.916v-56.015h-23.775v-7.202h57.346zM1030.751 601.365h-7.663c-0.063 0.004-0.137 0.007-0.212 0.007-0.725 0-1.397-0.226-1.95-0.611l0.011 0.007c-0.553-0.35-0.987-0.844-1.255-1.43l-0.008-0.021-6.844-15.019h-32.821l-6.827 15.019c-0.22 0.672-0.584 1.245-1.057 1.706l-0.001 0.001c-0.555 0.377-1.24 0.602-1.977 0.602-0.061 0-0.122-0.002-0.182-0.005l0.008 0h-7.646l28.998-63.218h10.070l29.356 62.979zM982.741 577.897h27.359l-11.606-25.738c-0.736-1.617-1.463-3.595-2.053-5.631l-0.081-0.325c-0.41 1.195-0.751 2.355-1.092 3.362l-1.058 2.645-11.469 25.686zM1080.725 595.152c1.826 0.085 3.635 0.085 5.462 0 1.553-0.137 3.106-0.393 4.625-0.751 1.417-0.29 2.816-0.683 4.182-1.144 1.28-0.461 2.56-1.007 3.874-1.553v-14.217h-11.589c-0.032 0.002-0.069 0.002-0.107 0.002-0.556 0-1.066-0.194-1.468-0.518l0.004 0.003c-0.185-0.134-0.335-0.306-0.44-0.504l-0.004-0.008c-0.087-0.167-0.138-0.364-0.138-0.574 0-0.020 0-0.040 0.001-0.061l-0 0.003v-4.847h22.495v24.236c-3.516 2.188-7.586 3.95-11.915 5.070l-0.305 0.067c-2.389 0.614-4.796 1.041-7.254 1.314-2.816 0.273-5.632 0.393-8.465 0.393-0.109 0.001-0.239 0.002-0.369 0.002-5.098 0-9.995-0.863-14.551-2.451l0.31 0.094c-4.47-1.552-8.327-3.798-11.654-6.646l0.049 0.041c-3.102-2.75-5.62-6.082-7.396-9.833l-0.079-0.186c-1.684-3.739-2.665-8.105-2.665-12.7 0-0.143 0.001-0.286 0.003-0.429l-0 0.022c-0.001-0.115-0.002-0.25-0.002-0.386 0-4.633 0.961-9.041 2.695-13.036l-0.082 0.212c1.656-3.755 4.216-7.168 7.476-10.019 3.311-2.85 7.254-5.069 11.606-6.554 4.95-1.621 10.24-2.424 15.531-2.355 2.697 0 5.393 0.171 8.056 0.546 2.355 0.341 4.676 0.87 6.895 1.604 2.048 0.649 3.977 1.502 5.803 2.509 1.775 0.99 3.465 2.082 5.052 3.294l-2.782 3.908c-0.234 0.362-0.551 0.652-0.925 0.847l-0.013 0.006c-0.385 0.21-0.843 0.335-1.329 0.341l-0.002 0c-0.661-0.015-1.277-0.197-1.81-0.505l0.018 0.010c-1.174-0.553-2.108-1.054-3.017-1.593l0.166 0.092c-1.086-0.605-2.365-1.182-3.695-1.651l-0.18-0.055c-1.48-0.534-3.274-1.019-5.117-1.364l-0.225-0.035c-2.095-0.349-4.509-0.548-6.97-0.548-0.136 0-0.271 0.001-0.407 0.002l0.021-0c-0.105-0.001-0.229-0.002-0.353-0.002-3.879 0-7.608 0.644-11.085 1.831l0.241-0.072c-3.226 1.109-6.144 2.816-8.534 5.001-2.291 2.149-4.115 4.768-5.323 7.704l-0.053 0.147c-1.23 3.128-1.943 6.75-1.943 10.539s0.713 7.411 2.012 10.74l-0.069-0.201c1.263 2.987 3.243 5.683 5.803 7.97 2.372 2.168 5.257 3.874 8.448 5.001 3.687 1.092 7.595 1.519 11.486 1.246zM1173.145 594.162h31.66v7.202h-41.32v-63.218h9.899l-0.222 56.015zM1237.728 601.365h-9.899v-63.218h9.899v63.218zM1274.611 538.455c0.596 0.288 1.1 0.672 1.515 1.139l0.004 0.005 42.378 47.652c-0.027-0.337-0.042-0.73-0.042-1.126s0.015-0.789 0.045-1.178l-0.003 0.052v-47.106h8.636v63.491h-4.984c-0.097 0.007-0.21 0.011-0.325 0.011-0.659 0-1.287-0.136-1.856-0.381l0.030 0.012c-0.603-0.317-1.116-0.717-1.549-1.19l-0.004-0.004-42.327-47.618v49.154h-8.295v-63.218h5.154c0.563 0 1.126 0.102 1.621 0.29zM1400.141 538.147v6.946h-35.125v20.873h28.468v6.707h-28.468v21.573h35.125v6.963h-45.331v-63.064h45.331zM361.18 147.713l440.254 107.917v378.179l-440.254-107.866v-378.248zM332.934 115.456v428.853l496.661 121.793v-428.801l-496.661-121.827z",
          "M599.134 865.159l-496.73-121.895v-428.784l496.73 121.844v428.835z",
          "M341.177 142.849l434.502 106.569-184.789 159.58-434.553-106.62 184.84-159.546zM332.934 115.473l-230.529 199.006 496.73 121.861 230.478-199.040-496.661-121.827zM627.073 841.042l202.539-174.924-202.556-49.666v224.607z"
        ],
        "attrs": [
          {
            "fill": "rgb(175, 177, 184)"
          },
          {
            "fill": "rgb(175, 177, 184)"
          },
          {
            "fill": "rgb(175, 177, 184)"
          }
        ],
        "width": 1809,
        "isMulticolor": false,
        "isMulticolor2": false,
        "grid": 0,
        "tags": [
          "logo-client-6"
        ],
        "colorPermutations": {
          "11171171171175177184125525525513315024313333331": [
            {
              "f": 4
            },
            {
              "f": 4
            },
            {
              "f": 4
            }
          ]
        }
      },
      "attrs": [
        {
          "fill": "rgb(175, 177, 184)"
        },
        {
          "fill": "rgb(175, 177, 184)"
        },
        {
          "fill": "rgb(175, 177, 184)"
        }
      ],
      "properties": {
        "order": 44,
        "id": 8,
        "name": "logo-client-6",
        "prevSize": 32
      },
      "setIdx": 0,
      "setId": 2,
      "iconIdx": 20
    },
    {
      "icon": {
        "paths": [
          "M1023.441 301.193c-2.356-54.45-11.167-91.843-23.768-124.268-13.583-35.583-33.748-65.905-59.22-90.826l-0.045-0.044c-24.958-25.361-55.197-45.444-88.942-58.475l-1.723-0.585c-32.629-12.601-69.817-21.36-124.268-23.768-54.809-2.612-72.225-3.227-211.347-3.227-139.071 0-156.487 0.615-211.142 3.022-54.399 2.356-91.843 11.167-124.216 23.768-35.603 13.576-65.943 33.743-90.878 59.221l-0.043 0.045c-25.339 24.962-45.404 55.2-58.424 88.941l-0.585 1.724c-12.652 32.629-21.411 69.817-23.819 124.268-2.612 54.809-3.227 72.225-3.227 211.347 0 139.071 0.615 156.487 3.022 211.142 2.407 54.45 11.218 91.843 23.819 124.268 13.652 35.551 33.787 65.858 59.18 90.837l0.034 0.033c25.612 26.021 56.653 46.203 90.665 59.009 32.629 12.652 69.869 21.463 124.268 23.819 54.655 2.407 72.071 3.022 211.142 3.022 139.122 0 156.538-0.615 211.142-3.022 54.45-2.356 91.843-11.167 124.268-23.768 69.069-27.212 122.718-80.861 149.312-148.155l0.618-1.775c12.601-32.629 21.411-69.869 23.819-124.268 2.407-54.655 2.971-72.071 2.971-211.142s-0.205-156.487-2.561-211.142zM931.239 719.482c-2.254 50.045-10.654 77.040-17.621 95.070-17.671 44.803-52.497 79.596-96.172 96.821l-1.152 0.401c-17.928 7.018-45.179 15.418-95.019 17.621-54.041 2.407-70.227 3.022-206.942 3.022-136.664 0-153.106-0.615-206.942-3.022-50.045-2.203-77.040-10.603-95.070-17.621-23.067-8.614-42.714-21.64-58.767-38.174l-0.037-0.039c-16.546-16.117-29.579-35.754-37.899-57.709l-0.364-1.095c-6.966-18.031-15.367-45.23-17.57-95.070-2.407-54.041-3.022-70.278-3.022-206.942 0-136.715 0.615-153.158 3.022-206.942 2.203-50.045 10.603-77.040 17.57-95.070 8.603-23.122 21.707-42.8 38.366-58.806l0.052-0.049c16.143-16.544 35.817-29.564 57.811-37.851l1.096-0.362c17.928-7.018 45.179-15.367 95.019-17.621 54.041-2.356 70.278-2.971 206.942-2.971 136.869 0 153.106 0.615 206.942 2.971 50.045 2.203 77.040 10.603 95.070 17.621 22.18 8.196 42.413 21.206 58.804 38.213 17.006 16.648 30.017 36.625 38.264 58.907 6.966 17.928 15.367 45.179 17.57 95.019 2.407 54.041 3.022 70.227 3.022 206.942 0 136.664-0.615 152.645-3.022 206.737z",
          "M514.128 249.15c-145.32 0.058-263.105 117.862-263.134 263.183l-0 0.003c-0 0.015-0 0.033-0 0.051 0 145.381 117.855 263.236 263.236 263.236s263.236-117.855 263.236-263.236c0-145.381-117.855-263.236-263.236-263.236-0.018 0-0.036 0-0.054 0l0.003-0zM514.128 683.011c-94.279-0.015-170.702-76.446-170.702-170.727 0-94.29 76.437-170.727 170.727-170.727 0.009 0 0.018 0 0.027 0l-0.001-0c94.304 0 170.753 76.449 170.753 170.753s-76.449 170.753-170.753 170.753l0-0zM849.18 238.752c0 33.948-27.52 61.468-61.468 61.468s-61.468-27.52-61.468-61.468l-0-0c0-33.948 27.52-61.468 61.468-61.468s61.468 27.52 61.468 61.468v-0z"
        ],
        "attrs": [
          {
            "fill": "rgb(255, 255, 255)"
          },
          {
            "fill": "rgb(255, 255, 255)"
          }
        ],
        "isMulticolor": false,
        "isMulticolor2": false,
        "grid": 0,
        "tags": [
          "instagram-2"
        ],
        "colorPermutations": {
          "11171171171175177184125525525513315024313333331": [
            {
              "f": 5
            },
            {
              "f": 5
            }
          ]
        }
      },
      "attrs": [
        {
          "fill": "rgb(255, 255, 255)"
        },
        {
          "fill": "rgb(255, 255, 255)"
        }
      ],
      "properties": {
        "order": 45,
        "id": 7,
        "name": "instagram-2",
        "prevSize": 32
      },
      "setIdx": 0,
      "setId": 2,
      "iconIdx": 21
    },
    {
      "icon": {
        "paths": [
          "M1024.466 194.597c-35.217 15.794-76.075 27.442-118.863 32.914l-2.177 0.227c43.542-26.142 76.252-66.526 91.988-114.595l0.418-1.477c-38.336 23.13-82.958 40.761-130.49 50.36l-2.69 0.453c-38.411-40.943-92.857-66.45-153.26-66.45-115.96 0-209.964 94.004-209.964 209.964 0 0.041 0 0.081 0 0.122l-0-0.006c0 16.648 1.383 32.68 4.866 47.894-174.62-8.503-329.11-92.202-432.888-219.645-18.057 30.387-28.774 66.972-28.89 106.051l-0 0.033c0 72.737 37.495 137.227 93.278 174.518-34.935-0.962-67.463-10.415-95.858-26.355l1.044 0.539v2.305c0.093 101.323 71.594 185.919 166.888 206.184l1.381 0.246c-15.967 4.364-34.3 6.872-53.219 6.872-0.649 0-1.298-0.003-1.946-0.009l0.099 0.001c-13.421 0-26.995-0.768-39.749-3.586 27.2 83.187 104.393 144.347 196.236 146.294-70.905 55.888-161.527 89.641-260.033 89.641-0.135 0-0.271-0-0.406-0l0.021 0c-0.59 0.003-1.287 0.005-1.985 0.005-17.013 0-33.773-1.081-50.216-3.179l1.951 0.203c90.485 59.099 201.274 94.254 320.274 94.254 0.676 0 1.351-0.001 2.026-0.003l-0.105 0c386.48 0 597.776-320.146 597.776-597.673 0-9.22-0.307-18.235-0.768-27.148 41.576-29.955 76.53-66.066 104.313-107.399l0.951-1.501z"
        ],
        "attrs": [
          {
            "fill": "rgb(255, 255, 255)"
          }
        ],
        "isMulticolor": false,
        "isMulticolor2": false,
        "grid": 0,
        "tags": [
          "twitter-2"
        ],
        "colorPermutations": {
          "11171171171175177184125525525513315024313333331": [
            {
              "f": 5
            }
          ]
        }
      },
      "attrs": [
        {
          "fill": "rgb(255, 255, 255)"
        }
      ],
      "properties": {
        "order": 46,
        "id": 6,
        "name": "twitter-2",
        "prevSize": 32
      },
      "setIdx": 0,
      "setId": 2,
      "iconIdx": 22
    },
    {
      "icon": {
        "paths": [
          "M426.795 170.061h93.585v-162.89c-39.456-4.572-85.172-7.181-131.498-7.181-1.673 0-3.344 0.003-5.015 0.010l0.259-0.001c-134.871 0-227.278 84.826-227.278 240.749v143.425h-148.752v182.099h148.752v458.192h182.457v-458.141h142.811l22.692-182.15h-165.502v-125.497c0-52.606 14.189-88.616 87.541-88.616z"
        ],
        "attrs": [
          {
            "fill": "rgb(255, 255, 255)"
          }
        ],
        "width": 563,
        "isMulticolor": false,
        "isMulticolor2": false,
        "grid": 0,
        "tags": [
          "facebook-2"
        ],
        "colorPermutations": {
          "11171171171175177184125525525513315024313333331": [
            {
              "f": 5
            }
          ]
        }
      },
      "attrs": [
        {
          "fill": "rgb(255, 255, 255)"
        }
      ],
      "properties": {
        "order": 47,
        "id": 5,
        "name": "facebook-2",
        "prevSize": 32
      },
      "setIdx": 0,
      "setId": 2,
      "iconIdx": 23
    },
    {
      "icon": {
        "paths": [
          "M1024.21 1024.466h0.256v-375.774c0-183.789-39.596-325.37-254.426-325.37-103.317 0-172.622 56.653-200.949 110.437h-2.971v-93.278h-203.766v683.933h212.167v-338.637c0-89.18 16.904-175.44 127.341-175.44 108.798 0 110.386 101.781 110.386 181.126v333.003h211.962zM16.904 340.481h212.423v683.985h-212.423v-683.985zM123.038 0c-67.952 0-123.038 55.086-123.038 123.038v0c0 67.871 55.116 124.165 123.038 124.165 67.871 0 122.987-56.243 122.987-124.165-0.029-67.922-55.069-122.98-122.981-123.038l-0.006-0z"
        ],
        "attrs": [
          {
            "fill": "rgb(255, 255, 255)"
          }
        ],
        "isMulticolor": false,
        "isMulticolor2": false,
        "grid": 0,
        "tags": [
          "linkedin-2"
        ],
        "colorPermutations": {
          "11171171171175177184125525525513315024313333331": [
            {
              "f": 5
            }
          ]
        }
      },
      "attrs": [
        {
          "fill": "rgb(255, 255, 255)"
        }
      ],
      "properties": {
        "order": 48,
        "id": 4,
        "name": "linkedin-2",
        "prevSize": 32
      },
      "setIdx": 0,
      "setId": 2,
      "iconIdx": 24
    },
    {
      "icon": {
        "paths": [
          "M1023.441 301.193c-2.356-54.45-11.167-91.843-23.768-124.268-13.583-35.583-33.748-65.905-59.22-90.826l-0.045-0.044c-24.958-25.361-55.197-45.444-88.942-58.475l-1.723-0.585c-32.629-12.601-69.817-21.36-124.268-23.768-54.809-2.612-72.225-3.227-211.347-3.227-139.071 0-156.487 0.615-211.142 3.022-54.399 2.356-91.843 11.167-124.216 23.768-35.603 13.576-65.943 33.743-90.878 59.221l-0.043 0.045c-25.339 24.962-45.404 55.2-58.424 88.941l-0.585 1.724c-12.652 32.629-21.411 69.817-23.819 124.268-2.612 54.809-3.227 72.225-3.227 211.347 0 139.071 0.615 156.487 3.022 211.142 2.407 54.45 11.218 91.843 23.819 124.268 13.652 35.551 33.787 65.858 59.18 90.837l0.034 0.033c25.612 26.021 56.653 46.203 90.665 59.009 32.629 12.652 69.869 21.463 124.268 23.819 54.655 2.407 72.071 3.022 211.142 3.022 139.122 0 156.538-0.615 211.142-3.022 54.45-2.356 91.843-11.167 124.268-23.768 69.069-27.212 122.718-80.861 149.312-148.155l0.618-1.775c12.601-32.629 21.411-69.869 23.819-124.268 2.407-54.655 2.971-72.071 2.971-211.142s-0.205-156.487-2.561-211.142zM931.239 719.482c-2.254 50.045-10.654 77.040-17.621 95.070-17.671 44.803-52.497 79.596-96.172 96.821l-1.152 0.401c-17.928 7.018-45.179 15.418-95.019 17.621-54.041 2.407-70.227 3.022-206.942 3.022-136.664 0-153.106-0.615-206.942-3.022-50.045-2.203-77.040-10.603-95.070-17.621-23.067-8.614-42.714-21.64-58.767-38.174l-0.037-0.039c-16.546-16.117-29.579-35.754-37.899-57.709l-0.364-1.095c-6.966-18.031-15.367-45.23-17.57-95.070-2.407-54.041-3.022-70.278-3.022-206.942 0-136.715 0.615-153.158 3.022-206.942 2.203-50.045 10.603-77.040 17.57-95.070 8.603-23.122 21.707-42.8 38.366-58.806l0.052-0.049c16.143-16.544 35.817-29.564 57.811-37.851l1.096-0.362c17.928-7.018 45.179-15.367 95.019-17.621 54.041-2.356 70.278-2.971 206.942-2.971 136.869 0 153.106 0.615 206.942 2.971 50.045 2.203 77.040 10.603 95.070 17.621 22.18 8.196 42.413 21.206 58.804 38.213 17.006 16.648 30.017 36.625 38.264 58.907 6.966 17.928 15.367 45.179 17.57 95.019 2.407 54.041 3.022 70.227 3.022 206.942 0 136.664-0.615 152.645-3.022 206.737z",
          "M514.128 249.15c-145.32 0.058-263.105 117.862-263.134 263.183l-0 0.003c2.913 143.13 119.63 258.044 263.185 258.044s260.272-114.913 263.181-257.772l0.004-0.272c-0.029-145.341-117.844-263.156-263.182-263.185l-0.003-0zM514.128 683.011c-94.279-0.015-170.702-76.446-170.702-170.727 0-94.29 76.437-170.727 170.727-170.727 0.009 0 0.018 0 0.027 0l-0.001-0c94.304 0 170.753 76.449 170.753 170.753s-76.449 170.753-170.753 170.753l0-0zM849.18 238.752c0 33.948-27.52 61.468-61.468 61.468s-61.468-27.52-61.468-61.468l-0-0c0-33.948 27.52-61.468 61.468-61.468s61.468 27.52 61.468 61.468v-0z"
        ],
        "attrs": [
          {
            "fill": "rgb(175, 177, 184)"
          },
          {
            "fill": "rgb(175, 177, 184)"
          }
        ],
        "isMulticolor": false,
        "isMulticolor2": false,
        "grid": 0,
        "tags": [
          "instagram-1"
        ],
        "colorPermutations": {
          "11171171171175177184125525525513315024313333331": [
            {
              "f": 4
            },
            {
              "f": 4
            }
          ]
        }
      },
      "attrs": [
        {
          "fill": "rgb(175, 177, 184)"
        },
        {
          "fill": "rgb(175, 177, 184)"
        }
      ],
      "properties": {
        "order": 49,
        "id": 3,
        "name": "instagram-1",
        "prevSize": 32
      },
      "setIdx": 0,
      "setId": 2,
      "iconIdx": 25
    },
    {
      "icon": {
        "paths": [
          "M1024.466 194.597c-35.217 15.794-76.075 27.442-118.863 32.914l-2.177 0.227c43.542-26.142 76.252-66.526 91.988-114.595l0.418-1.477c-38.336 23.13-82.958 40.761-130.49 50.36l-2.69 0.453c-38.411-40.943-92.857-66.45-153.26-66.45-115.96 0-209.964 94.004-209.964 209.964 0 0.041 0 0.081 0 0.122l-0-0.006c0 16.648 1.383 32.68 4.866 47.894-174.62-8.503-329.11-92.202-432.888-219.645-18.057 30.387-28.774 66.972-28.89 106.051l-0 0.033c0 72.737 37.495 137.227 93.278 174.518-34.935-0.962-67.463-10.415-95.858-26.355l1.044 0.539v2.305c0.093 101.323 71.594 185.919 166.888 206.184l1.381 0.246c-15.967 4.364-34.3 6.872-53.219 6.872-0.649 0-1.298-0.003-1.946-0.009l0.099 0.001c-13.421 0-26.995-0.768-39.749-3.586 27.2 83.187 104.393 144.347 196.236 146.294-70.905 55.888-161.527 89.641-260.033 89.641-0.135 0-0.271-0-0.406-0l0.021 0c-0.59 0.003-1.287 0.005-1.985 0.005-17.013 0-33.773-1.081-50.216-3.179l1.951 0.203c90.485 59.099 201.274 94.254 320.274 94.254 0.676 0 1.351-0.001 2.026-0.003l-0.105 0c386.48 0 597.776-320.146 597.776-597.673 0-9.22-0.307-18.235-0.768-27.148 41.576-29.955 76.53-66.066 104.313-107.399l0.951-1.501z"
        ],
        "attrs": [
          {
            "fill": "rgb(175, 177, 184)"
          }
        ],
        "isMulticolor": false,
        "isMulticolor2": false,
        "grid": 0,
        "tags": [
          "twitter-1"
        ],
        "colorPermutations": {
          "11171171171175177184125525525513315024313333331": [
            {
              "f": 4
            }
          ]
        }
      },
      "attrs": [
        {
          "fill": "rgb(175, 177, 184)"
        }
      ],
      "properties": {
        "order": 50,
        "id": 2,
        "name": "twitter-1",
        "prevSize": 32
      },
      "setIdx": 0,
      "setId": 2,
      "iconIdx": 26
    },
    {
      "icon": {
        "paths": [
          "M682.806 170.061h93.585v-162.89c-39.456-4.572-85.175-7.181-131.503-7.181-1.67 0-3.339 0.003-5.007 0.010l0.256-0.001c-134.871 0-227.278 84.826-227.278 240.749v143.425h-148.752v182.099h148.752v458.192h182.457v-458.141h142.759l22.641-182.099h-165.451v-125.548c0-52.606 14.189-88.616 87.541-88.616z"
        ],
        "attrs": [
          {
            "fill": "rgb(175, 177, 184)"
          }
        ],
        "isMulticolor": false,
        "isMulticolor2": false,
        "grid": 0,
        "tags": [
          "facebook-1"
        ],
        "colorPermutations": {
          "11171171171175177184125525525513315024313333331": [
            {
              "f": 4
            }
          ]
        }
      },
      "attrs": [
        {
          "fill": "rgb(175, 177, 184)"
        }
      ],
      "properties": {
        "order": 51,
        "id": 1,
        "name": "facebook-1",
        "prevSize": 32
      },
      "setIdx": 0,
      "setId": 2,
      "iconIdx": 27
    },
    {
      "icon": {
        "paths": [
          "M1024.21 1024.466h0.256v-375.774c0-183.789-39.596-325.37-254.426-325.37-103.317 0-172.622 56.653-200.949 110.437h-2.971v-93.278h-203.766v683.933h212.167v-338.637c0-89.18 16.904-175.44 127.341-175.44 108.798 0 110.386 101.781 110.386 181.126v333.003h211.962zM16.904 340.481h212.423v683.985h-212.423v-683.985zM123.038 0c-67.952 0-123.038 55.086-123.038 123.038v0c0 67.871 55.116 124.165 123.038 124.165 67.871 0 122.987-56.243 122.987-124.165-0.029-67.922-55.069-122.98-122.981-123.038l-0.006-0z"
        ],
        "attrs": [
          {
            "fill": "rgb(175, 177, 184)"
          }
        ],
        "isMulticolor": false,
        "isMulticolor2": false,
        "grid": 0,
        "tags": [
          "linkedin-1"
        ],
        "colorPermutations": {
          "11171171171175177184125525525513315024313333331": [
            {
              "f": 4
            }
          ]
        }
      },
      "attrs": [
        {
          "fill": "rgb(175, 177, 184)"
        }
      ],
      "properties": {
        "order": 52,
        "id": 0,
        "name": "linkedin-1",
        "prevSize": 32
      },
      "setIdx": 0,
      "setId": 2,
      "iconIdx": 28
    }
  ],
  "height": 1024,
  "preferences": {
    "showGlyphs": true,
    "showQuickUse": true,
    "showQuickUse2": true,
    "showSVGs": true,
    "fontPref": {
      "prefix": "icon-",
      "metadata": {
        "fontFamily": "icomoon"
      },
      "metrics": {
        "emSize": 1024,
        "baseline": 6.25,
        "whitespace": 50
      },
      "embed": false
    },
    "imagePref": {
      "prefix": "icon-",
      "png": true,
      "useClassSelector": true,
      "color": 0,
      "bgColor": 16777215,
      "classSelector": ".icon",
      "name": "icomoon-webstudio",
      "height": 32,
      "columns": 16,
      "margin": 16
    },
    "historySize": 50,
    "showCodes": true,
    "gridSize": 16
  }
}